Nome,CodigoRgb,NomesCores,imagem,tipo
Cozinha Compacta Iluminata 8 PT 4 GV Branca e Ãbano,"['#7d7165', '#cec9c3', '#28241d', '#b1a8a0', '#524b43']","['dimgray', 'silver', 'black', 'darkgray', 'darkslategray']",https://static.mobly.com.br/p/GENIALFLEX-Cozinha-Compacta-Iluminata-8-PT-4-GV-Branca-e-C389bano-6321-2963011-1-cart.jpg,Conjunto Cozinha
ArmÃ¡rio AÃ©reo Canelone com Vidro 3 PT Preto,"['#fefefe', '#434442', '#1e1f1e', '#b0b0b0', '#555654']","['white', 'darkslategray', 'black', 'darkgray', 'dimgray']",https://static.mobly.com.br/p/Politorno-ArmC3A1rio-AC3A9reo-Canelone-com-Vidro-3-PT-Preto-5823-1819211-1-cart.jpg,
ArmÃ¡rio AÃ©reo Evidence 3 PT Branco 120 cm,"['#fefefe', '#b2b2b2', '#e7e7e7', '#c8c8c8', '#ededed']","['white', 'darkgray', 'lavender', 'silver', 'whitesmoke']",https://static.mobly.com.br/p/Poliman-ArmC3A1rio-AC3A9reo-Evidence-3-PT-Branco-120-cm-0703-609429-1-cart.jpg,
BalcÃ£o de Cozinha Iluminata 2 PT Mint 80 cm,"['#fdfdfb', '#b7aea3', '#e57145', '#cacac2', '#7d756b']","['snow', 'darkgray', 'tomato', 'silver', 'dimgray']",https://static.mobly.com.br/p/GENIALFLEX-BalcC3A3o-de-Cozinha-Iluminata-2-PT-Mint-80-cm-6017-8369301-1-cart.jpg,Balcao de Cozinha
Paneleiro Maxxi 2 PT Branco,"['#f0efef', '#c8c7c7', '#fefefe', '#dfdede', '#7d7a74']","['whitesmoke', 'silver', 'white', 'gainsboro', 'gray']",https://static.mobly.com.br/p/Kappesberg-Paneleiro-Maxxi-2-PT-Branco-2231-707789-1-cart.jpg,Paneleiro
Paneleiro Firenze 4 PT Avena,"['#fefefd', '#baa493', '#443b33', '#807164', '#cec2b7']","['white', 'rosybrown', 'darkslategray', 'dimgray', 'silver']",https://static.mobly.com.br/p/DemC3B3bile-Paneleiro-Firenze-4-PT-Avena-2719-0542001-1-cart.jpg,Paneleiro
BalcÃ£o de Cozinha Bruges com Tampo 2 PT 3 GV FreijÃ³ e Off White,"['#fefefd', '#876a4c', '#eceadd', '#9f8364', '#bab2a6']","['white', 'dimgray', 'beige', 'gray', 'darkgray']",https://static.mobly.com.br/p/Kappesberg-BalcC3A3o-de-Cozinha-Bruges-com-Tampo-2-PT-3-GV-FreijC3B3-e-Off-White-5239-098188-1-cart.jpg,Balcao de Cozinha
ArmÃ¡rio AÃ©reo Botanic 2 PT Nogueira 80 cm,"['#ebe3d6', '#846845', '#b4a593', '#fefefd', '#90734f']","['antiquewhite', 'sienna', 'rosybrown', 'white', 'dimgray']",https://static.mobly.com.br/p/Kappesberg-ArmC3A1rio-AC3A9reo-Botanic-2-PT-Nogueira-80-cm-3793-827599-1-cart.jpg,
BalcÃ£o de Cozinha com Tampo CarmÃ©nere 3 PT 2 GV Marrom e Branco,"['#fefefe', '#bcb7b4', '#eeefef', '#d8d7d6', '#a48e83']","['white', 'silver', 'whitesmoke', 'lightgray', 'rosybrown']",https://static.mobly.com.br/p/Ronipa-BalcC3A3o-de-Cozinha-com-Tampo-CarmC3A9nere-3-PT-2-GV-Marrom-e-Branco-0282-307637-1-cart.jpg,Balcao de Cozinha
Cozinha Compacta Dama 7 PT 3 GV Avena e Grafito,"['#c8c4be', '#4b4741', '#f9f9f7', '#7c7469', '#a39e94']","['silver', 'darkslategray', 'whitesmoke', 'dimgray', 'darkgray']",https://static.mobly.com.br/p/DemC3B3bile-Cozinha-Compacta-Dama-7-PT-3-GV-Avena-e-Grafito-3934-990999-1-cart.jpg,Conjunto Cozinha
Cozinha Completa Madesa Reims 310001 com ArmÃ¡rio e BalcÃ£o - Preto,"['#4d3e2f', '#7d6c53', '#d2bfa2', '#a7947b', '#2e241c']","['darkolivegreen', 'dimgray', 'tan', 'rosybrown', 'black']",https://static.mobly.com.br/p/Madesa-Cozinha-Completa-Madesa-Reims-310001-com-ArmC3A1rio-e-BalcC3A3o---Preto-1383-764567-1-cart.jpg,Cozinha completa
BalcÃ£o de Cozinha com Tampo Confort 1 PT Grafite e Branco,"['#fefefe', '#424447', '#aeafb0', '#dedede', '#7f8081']","['white', 'darkslategray', 'darkgray', 'gainsboro', 'gray']",https://static.mobly.com.br/p/BATROL-BalcC3A3o-de-Cozinha-com-Tampo-Confort-1-PT-Grafite-e-Branco-3438-070879-1-cart.jpg,Balcao de Cozinha
ArmÃ¡rio AÃ©reo CarmÃ©nere 2 PT Castanho e Chumbo,"['#fefefe', '#5d5856', '#cfc1b9', '#4b2f25', '#99867e']","['white', 'dimgray', 'silver', 'darkslategray', 'gray']",https://static.mobly.com.br/p/Ronipa-ArmC3A1rio-AC3A9reo-CarmC3A9nere-2-PT-Castanho-e-Chumbo-7151-007637-1-cart.jpg,
Kit de Cozinha Encanto 7 PT 2 GV Amendola e Branco,"['#664d37', '#ded6d0', '#fdfcfb', '#9c8371', '#c4b3a4']","['darkolivegreen', 'lightgray', 'snow', 'gray', 'tan']",https://static.mobly.com.br/p/DemC3B3bile-Kit-de-Cozinha-Encanto-7-PT-2-GV-Amendola-e-Branco-1347-535088-1-cart.jpg,
ArmÃ¡rio AÃ©reo Canelone com Vidro 2 PT Preto,"['#fdfdfd', '#52544f', '#202120', '#aaaaaa', '#434541']","['white', 'darkslategray', 'black', 'darkgray', 'darkslategray']",https://static.mobly.com.br/p/Politorno-ArmC3A1rio-AC3A9reo-Canelone-com-Vidro-2-PT-Preto-5816-2819211-1-cart.jpg,
ArmÃ¡rio AÃ©reo Bruges Espelhado 2 PT Nogal,"['#6e5e4b', '#fefefd', '#c8c0af', '#8b806e', '#bcb3a0']","['dimgray', 'white', 'silver', 'gray', 'darkgray']",https://static.mobly.com.br/p/Kappesberg-ArmC3A1rio-AC3A9reo-Bruges-Espelhado-2-PT-Nogal-5107-778188-1-cart.jpg,
Cozinha Compacta Merlot 9 PT 1 GV Castanho e Branca,"['#d8dcde', '#473729', '#857f76', '#b0afac', '#6a5b4e']","['gainsboro', 'darkslategray', 'gray', 'darkgray', 'dimgray']",https://static.mobly.com.br/p/Ronipa-Cozinha-Compacta-Merlot-9-PT-1-GV-Castanho-e-Branca-6451-338629-1-cart.jpg,Conjunto Cozinha
ArmÃ¡rio AÃ©reo Botanic 3 PT Nogueira 120 cm,"['#d0c4b6', '#907554', '#fefefd', '#9f8970', '#846949']","['silver', 'dimgray', 'white', 'gray', 'dimgray']",https://static.mobly.com.br/p/Kappesberg-ArmC3A1rio-AC3A9reo-Botanic-3-PT-Nogueira-120-cm-3910-037599-1-cart.jpg,
Paneleiro Botanic 2 PT Nogueira e Verde Oliva,"['#c3baaf', '#fefefe', '#75715a', '#897f76', '#ebe9e7']","['silver', 'white', 'dimgray', 'gray', 'linen']",https://static.mobly.com.br/p/Kappesberg-Paneleiro-Botanic-2-PT-Nogueira-e-Verde-Oliva-3509-427599-1-cart.jpg,Paneleiro
BalcÃ£o de Cozinha com Tampo Botanic 2 PT Fendi e Nogueira,"['#968679', '#fefefd', '#7c6449', '#b9ac9f', '#eae2d8']","['gray', 'white', 'dimgray', 'darkgray', 'gainsboro']",https://static.mobly.com.br/p/Kappesberg-BalcC3A3o-de-Cozinha-com-Tampo-Botanic-2-PT-Fendi-e-Nogueira-2468-1684001-1-cart.jpg,Balcao de Cozinha
BalcÃ£o de Cozinha Evolution com Tampo 2 PT Carvalho,"['#fcfcfc', '#484648', '#ab9d90', '#d5d3d2', '#857d77']","['snow', 'darkslategray', 'rosybrown', 'lightgray', 'gray']",https://static.mobly.com.br/p/BATROL-BalcC3A3o-de-Cozinha-Evolution-com-Tampo-2-PT--Carvalho-3466-323016-1-cart.jpg,Balcao de Cozinha
BalcÃ£o de Cozinha com Tampo Vega 3 PT Branco,"['#a2a0a3', '#fdfdfd', '#d3d3d7', '#72726f', '#3e3d3b']","['darkgray', 'white', 'lightgray', 'dimgray', 'darkslategray']",https://static.mobly.com.br/p/Arte-MC3B3veis-BalcC3A3o-de-Cozinha-com-Tampo-Vega-3-PT-Branco-2936-1558411-1-cart.jpg,Balcao de Cozinha
BalcÃ£o de Cozinha com Tampo Iluminata 2 PT Branco e Ãbano,"['#eeedec', '#8e7460', '#fefefd', '#664832', '#c7bbb1']","['linen', 'gray', 'white', 'darkolivegreen', 'silver']",https://static.mobly.com.br/p/GENIALFLEX-BalcC3A3o-de-Cozinha-com-Tampo-Iluminata-2-PT-Branco-e-C389bano-8626-4601201-1-cart.jpg,Balcao de Cozinha
Conjunto com 2 Cadeiras Varsovia Luxo Veludo Marrom e Imbuia,"['#fefefd', '#685649', '#9f9389', '#4d382b', '#d5ccc3']","['white', 'dimgray', 'rosybrown', 'darkolivegreen', 'lightgray']",https://static.mobly.com.br/p/Modern-Conjunto-com-2-Cadeiras-Varsovia-Luxo-Veludo-Marrom-e-Imbuia-1197-2983611-1-cart.jpg,
BalcÃ£o de Cozinha Campinas 4 PT 1 GV Branco,"['#d2d2d2', '#fefefe', '#aeaeae', '#dbdada', '#c4c3c4']","['lightgray', 'white', 'darkgray', 'gainsboro', 'silver']",https://static.mobly.com.br/p/Arte-MC3B3veis-BalcC3A3o-de-Cozinha-Campinas-4-PT-1-GV-Branco-4800-9951301-1-cart.jpg,Balcao de Cozinha
Conjunto com 4 Cadeiras Atenas Suede Animalle Chocolate e Capuccino,"['#b4a393', '#fefdfc', '#6b533e', '#947e6a', '#ded3c6']","['rosybrown', 'white', 'darkolivegreen', 'gray', 'lightgray']",https://static.mobly.com.br/p/Modern-Conjunto-com-4-Cadeiras-Atenas-Suede-Animalle-Chocolate-e-Capuccino-1194-3983611-1-cart.jpg,
Paneleiro Maxxi 1 PT 3 GV Branco,"['#fefefe', '#c9c8c7', '#dddada', '#9c9895', '#eeeded']","['white', 'silver', 'gainsboro', 'darkgray', 'whitesmoke']",https://static.mobly.com.br/p/Kappesberg-Paneleiro-Maxxi-1-PT-3-GV-Branco-2225-807789-1-cart.jpg,Paneleiro
Conjunto com 4 Cadeiras Atenas Suede Amassado Chocolate e Capuccino,"['#fefefc', '#a69887', '#756554', '#e5ddd2', '#c1b5a6']","['white', 'rosybrown', 'dimgray', 'gainsboro', 'darkgray']",https://static.mobly.com.br/p/Modern-Conjunto-com-4-Cadeiras-Atenas-Suede-Amassado-Chocolate-e-Capuccino-1191-4983611-1-cart.jpg,
Tampo para BalcÃ£o Nox Orion 80 cm,"['#fefefe', '#d4cec2', '#f1efeb', '#dfdbd4', '#bebbb3']","['white', 'lightgray', 'linen', 'gainsboro', 'silver']",https://static.mobly.com.br/p/Kappesberg-Tampo-para-BalcC3A3o-Nox-Orion-80-cm-1446-986119-1-cart.jpg,
Conjunto com 4 Cadeiras Aurora Veludo PÃ©rola e Capuccino,"['#c6b6a8', '#fefdfc', '#eee7de', '#998474', '#dacec2']","['silver', 'white', 'antiquewhite', 'gray', 'lightgray']",https://static.mobly.com.br/p/Modern-Conjunto-com-4-Cadeiras-Aurora-Veludo-PC3A9rola-e-Capuccino-1263-5983611-1-cart.jpg,
BalcÃ£o de Cozinha Nox 2 PT Ãnix e Steel 80 cm,"['#fdfdfc', '#413c35', '#cececd', '#696661', '#9f9c98']","['white', 'darkslategray', 'lightgray', 'dimgray', 'darkgray']",https://static.mobly.com.br/p/Kappesberg-BalcC3A3o-de-Cozinha-Nox-2-PT-C394nix-e-Steel-80-cm-1526-766119-1-cart.jpg,Balcao de Cozinha
Bancada Americana Affara,"['#625346', '#fefefd', '#3c3127', '#c1bcb7', '#857c74']","['darkolivegreen', 'white', 'darkslategray', 'silver', 'gray']",https://static.mobly.com.br/p/Plata-Bancada-Americana-Affara-7394-4936611-1-cart.jpg,
Paneleiro Iluminata com Vidro 1 PT 1 GV Verde Mint e Ãbano,"['#fefefd', '#6a6d61', '#acaca2', '#231914', '#cdcec6']","['white', 'dimgray', 'darkgray', 'black', 'lightgray']",https://static.mobly.com.br/p/GENIALFLEX-Paneleiro-Iluminata-com-Vidro-1-PT-1-GV-Verde-Mint-e-C389bano-8176-4449401-1-cart.jpg,Paneleiro
BalcÃ£o de Cozinha com Tampo Botanic 2 PT 3 GV Verde Oliva e Nogueira,"['#796348', '#fdfdfc', '#6c7c63', '#cec6b8', '#95876f']","['dimgray', 'white', 'dimgray', 'silver', 'gray']",https://static.mobly.com.br/p/Kappesberg-BalcC3A3o-de-Cozinha-com-Tampo-Botanic-2-PT-3-GV-Verde-Oliva-e-Nogueira-2450-4684001-1-cart.jpg,Balcao de Cozinha
BalcÃ£o de Cozinha com Tampo Chardonnay 3 PT 2 GV Castanho e Branco,"['#a18269', '#fbfcfa', '#2c2a1c', '#ceb4a1', '#5f5340']","['gray', 'snow', 'darkslategray', 'tan', 'darkolivegreen']",https://static.mobly.com.br/p/Ronipa-BalcC3A3o-de-Cozinha-com-Tampo-Chardonnay-3-PT-2-GV-Castanho-e-Branco-8933-766637-1-cart.jpg,Balcao de Cozinha
Conjunto com 2 Cadeiras Amanda Veludo Bege e Imbuia,"['#997f71', '#fdfdfc', '#6c5644', '#b59c8f', '#e0d6cd']","['gray', 'white', 'darkolivegreen', 'rosybrown', 'lightgray']",https://static.mobly.com.br/p/Modern-Conjunto-com-2-Cadeiras-Amanda-Veludo-Bege-e-Imbuia-6654-8319611-1-cart.jpg,
Conjunto com 2 Cadeiras Amanda Veludo Marrom Claro e Imbuia,"['#66503d', '#fdfdfb', '#907660', '#dfd4c9', '#ae9783']","['darkolivegreen', 'snow', 'gray', 'lightgray', 'rosybrown']",https://static.mobly.com.br/p/Modern-Conjunto-com-2-Cadeiras-Amanda-Veludo-Marrom-Claro-e-Imbuia-1425-9319611-1-cart.jpg,
ArmÃ¡rio AÃ©reo Frow II 2 PT FreijÃ³ e Off White 80 cm,"['#866c4b', '#f3eee4', '#fefefd', '#9c8e7d', '#d4c9ba']","['dimgray', 'linen', 'white', 'gray', 'silver']",https://static.mobly.com.br/p/Kappesberg-ArmC3A1rio-AC3A9reo-Frow-II-2-PT-FreijC3B3-e-Off-White-80-cm-9921-659147-1-cart.jpg,
Cozinha Compacta Firenze II 6 PT 2 GV AmÃªndola e Branca,"['#7d6e66', '#f7f7f6', '#cccac7', '#423830', '#aa9d96']","['dimgray', 'whitesmoke', 'lightgray', 'darkslategray', 'darkgray']",https://static.mobly.com.br/p/DemC3B3bile-Cozinha-Compacta-Firenze-II-6-PT-2-GV-AmC3AAndola-e-Branca-3333-799299-1-cart.jpg,Conjunto Cozinha
Tampo de Cozinha Atena Teka 120 cm,"['#fefefe', '#806c51', '#ada08e', '#dfd6c8', '#735c3c']","['white', 'dimgray', 'rosybrown', 'lightgray', 'darkolivegreen']",https://static.mobly.com.br/p/Gralar-Tampo-de-Cozinha-Atena-Teka-120-cm-0475-5336111-1-cart.jpg,
BalcÃ£o de Cozinha com Tampo Botanic 2 PT 3 GV Fendi e Nogueira,"['#fdfdfc', '#8c775e', '#96897a', '#7a6047', '#cbbfb2']","['white', 'gray', 'gray', 'dimgray', 'silver']",https://static.mobly.com.br/p/Kappesberg-BalcC3A3o-de-Cozinha-com-Tampo-Botanic-2-PT-3-GV-Fendi-e-Nogueira-2455-3684001-1-cart.jpg,Balcao de Cozinha
Paneleiro Conecta 4 PT Ãbano e Branco 80 cm,"['#635348', '#a69b95', '#46372d', '#c4bbb7', '#78675d']","['darkolivegreen', 'darkgray', 'darkslategray', 'silver', 'dimgray']",https://static.mobly.com.br/p/GENIALFLEX-Paneleiro-Conecta-4-PT-C389bano-e-Branco-80-cm-9612-5729211-1-cart.jpg,Paneleiro
Cozinha Completa Madesa Reims 310001 com ArmÃ¡rio e BalcÃ£o - Preto/Rustic,"['#4d4132', '#b19a79', '#827053', '#d3bfa0', '#2f2720']","['darkolivegreen', 'rosybrown', 'dimgray', 'tan', 'darkslategray']",https://static.mobly.com.br/p/Madesa-Cozinha-Completa-Madesa-Reims-310001-com-ArmC3A1rio-e-BalcC3A3o---Preto2FRustic-9005-172867-1-cart.jpg,Cozinha completa
ArmÃ¡rio AÃ©reo Chardonnay 3 PT Castanho e Branco,"['#f2eeec', '#a49583', '#fefefd', '#cec5b9', '#9b836c']","['linen', 'rosybrown', 'white', 'silver', 'gray']",https://static.mobly.com.br/p/Ronipa-ArmC3A1rio-AC3A9reo-Chardonnay-3-PT-Castanho-e-Branco-0864-366637-1-cart.jpg,
ArmÃ¡rio AÃ©reo Iluminata 1 PT Branco 80 cm,"['#fefefe', '#e5e4e2', '#8e7664', '#b09b8a', '#d9ccbf']","['white', 'gainsboro', 'gray', 'rosybrown', 'lightgray']",https://static.mobly.com.br/p/GENIALFLEX-ArmC3A1rio-AC3A9reo-Iluminata-1-PT-Branco-80-cm-8226-1349401-1-cart.jpg,
BalcÃ£o de Cozinha com Tampo Confort 2 PT 4 GV Grafite e Branco,"['#fefefd', '#878788', '#b1b1b1', '#49494a', '#d8d8d9']","['white', 'gray', 'darkgray', 'darkslategray', 'gainsboro']",https://static.mobly.com.br/p/BATROL-BalcC3A3o-de-Cozinha-com-Tampo-Confort-2-PT-4-GV-Grafite-e-Branco-3444-860879-1-cart.jpg,Balcao de Cozinha
Fruteira Curitiba 1 GV Preta,"['#c8c4bf', '#352a26', '#fefefe', '#776c60', '#0d0c0a']","['silver', 'darkslategray', 'white', 'dimgray', 'black']",https://static.mobly.com.br/p/Arte-MC3B3veis-Fruteira-Curitiba-1-GV-Preta-4681-6951301-1-cart.jpg,
BalcÃ£o de Cozinha Botanic 2 PT Nogueira e Verde Oliva,"['#6c7c62', '#fcfcfb', '#7e6043', '#e87548', '#d9c6b5']","['dimgray', 'snow', 'sienna', 'coral', 'silver']",https://static.mobly.com.br/p/Kappesberg-BalcC3A3o-de-Cozinha-Botanic-2-PT-Nogueira-e-Verde-Oliva-3184-127599-1-cart.jpg,Balcao de Cozinha
Cozinha Compacta Malbec Prime 12 PT 2 GV Castanho e Chumbo,"['#6c5b4f', '#aaa29b', '#4b4846', '#8a827b', '#412f24']","['dimgray', 'darkgray', 'darkslategray', 'gray', 'darkslategray']",https://static.mobly.com.br/p/Ronipa-Cozinha-Compacta-Malbec-Prime-12-PT-2-GV-Castanho-e-Chumbo-9005-268367-1-cart.jpg,Conjunto Cozinha
BalcÃ£o de Cozinha Frow PT FreijÃ³,"['#fefefd', '#66523b', '#bcb1a0', '#edeade', '#8b6d4c']","['white', 'darkolivegreen', 'darkgray', 'beige', 'dimgray']",https://static.mobly.com.br/p/Kappesberg-BalcC3A3o-de-Cozinha-Frow-PT-FreijC3B3-1671-249147-1-cart.jpg,Balcao de Cozinha
ArmÃ¡rio MultiÃºso com Mesa GoiÃ¡s 2 PT Branco,"['#fdfdfd', '#a39f94', '#e7e6e6', '#706a5a', '#c8c7c3']","['white', 'darkgray', 'gainsboro', 'dimgray', 'silver']",https://static.mobly.com.br/p/Politorno-ArmC3A1rio-MultiC3BAso-com-Mesa-GoiC3A1s-2-PT-Branco-5775-959762-1-cart.jpg,
BalcÃ£o de Cozinha com Tampo CarmÃ©nere 3 PT 2 GV Castanho e Chumbo,"['#d7b09a', '#545453', '#fefefd', '#847f7b', '#ddd3cd']","['tan', 'dimgray', 'white', 'gray', 'lightgray']",https://static.mobly.com.br/p/Ronipa-BalcC3A3o-de-Cozinha-com-Tampo-CarmC3A9nere-3-PT-2-GV-Castanho-e-Chumbo-7683-207637-1-cart.jpg,Balcao de Cozinha
ArmÃ¡rio para Micro-ondas Asti 1 PT Branco,"['#fefefe', '#adadad', '#dedede', '#c6c6c6', '#979797']","['white', 'darkgray', 'gainsboro', 'silver', 'darkgray']",https://static.mobly.com.br/p/BRV-MC3B3veis-ArmC3A1rio-para-Micro-ondas-Asti-1-PT-Branco-4638-63321-1-cart.jpg,
BalcÃ£o de Cozinha Bruges com Tampo 1 PT FreijÃ³ e Off White 60 cm,"['#fefefd', '#856949', '#edebdf', '#c5bcaf', '#a78d6f']","['white', 'dimgray', 'beige', 'silver', 'rosybrown']",https://static.mobly.com.br/p/Kappesberg-BalcC3A3o-de-Cozinha-Bruges-com-Tampo-1-PT-FreijC3B3-e-Off-White-60-cm-5252-788188-1-cart.jpg,Balcao de Cozinha
BalcÃ£o de Cozinha Iluminata 2 PT 3 GV Branco 120 cm,"['#fefdfd', '#e1dddc', '#e47145', '#7c7470', '#d0b0a2']","['white', 'gainsboro', 'tomato', 'gray', 'tan']",https://static.mobly.com.br/p/GENIALFLEX-BalcC3A3o-de-Cozinha-Iluminata-2-PT-3-GV-Branco-120-cm-6011-8469301-1-cart.jpg,Balcao de Cozinha
Paneleiro Chardonnay 2 PT Castanho e Branco,"['#fefefe', '#d3baa9', '#ebe9e7', '#908677', '#c59c81']","['white', 'tan', 'linen', 'gray', 'rosybrown']",https://static.mobly.com.br/p/Ronipa-Paneleiro-Chardonnay-2-PT-Castanho-e-Branco-2086-966637-1-cart.jpg,Paneleiro
BalcÃ£o de Cozinha com Tampo New 2 PT 1 GV Tannat e Branco,"['#fcfcfc', '#4b3b30', '#b2afad', '#8d8b89', '#dedcdc']","['snow', 'darkslategray', 'darkgray', 'gray', 'gainsboro']",https://static.mobly.com.br/p/BATROL-BalcC3A3o-de-Cozinha-com-Tampo-New-2-PT-1-GV-Tannat-e-Branco-4941-7290211-1-cart.jpg,Balcao de Cozinha
Paneleiro Duplo Forno Firenze 4 PT Avena,"['#d2c6ba', '#bfa792', '#35302b', '#fefefd', '#817367']","['silver', 'tan', 'darkslategray', 'white', 'dimgray']",https://static.mobly.com.br/p/DemC3B3bile-Paneleiro-Duplo-Forno-Firenze-4-PT-Avena-2746-4442001-1-cart.jpg,Paneleiro
ArmÃ¡rio AÃ©reo Napoli Prime 1 PT Castanho e Branco,"['#fefefd', '#7b6452', '#392617', '#d6d6d6', '#a99687']","['white', 'dimgray', 'darkslategray', 'lightgray', 'rosybrown']",https://static.mobly.com.br/p/Ronipa-ArmC3A1rio-AC3A9reo-Napoli-Prime-1-PT-Castanho-e-Branco-1015-220667-1-cart.jpg,
Fruteira Curitiba 1 GV Branca,"['#fefefe', '#a1a1a1', '#d8d8d8', '#868686', '#b9b9b9']","['white', 'darkgray', 'gainsboro', 'gray', 'silver']",https://static.mobly.com.br/p/Arte-MC3B3veis-Fruteira-Curitiba-1-GV-Branca-4700-3951301-1-cart.jpg,
ArmÃ¡rio AÃ©reo Botanic com Tela 2 PT Nogueira 80 cm,"['#b1a289', '#fefefd', '#876f50', '#857c74', '#dcd2c3']","['rosybrown', 'white', 'dimgray', 'gray', 'lightgray']",https://static.mobly.com.br/p/Kappesberg-ArmC3A1rio-AC3A9reo-Botanic-com-Tela-2-PT-Nogueira-80-cm-3861-927599-1-cart.jpg,
ArmÃ¡rio de Cozinha Simple 1 PT Branco,"['#fefefe', '#e2e2e2', '#d6d6d6', '#f2f2f2', '#dedede']","['white', 'gainsboro', 'lightgray', 'whitesmoke', 'gainsboro']",https://static.mobly.com.br/p/Mobly-ArmC3A1rio-de-Cozinha-Simple-1-PT-Branco-3344-164699-1-cart.jpg,
Paneleiro Nox 2 PT Ãnix e Steel,"['#fefefe', '#413e38', '#d4d3d4', '#7c7a75', '#bebcbb']","['white', 'darkslategray', 'lightgray', 'gray', 'silver']",https://static.mobly.com.br/p/Kappesberg-Paneleiro-Nox-2-PT-C394nix-e-Steel-1505-276119-1-cart.jpg,Paneleiro
BalcÃ£o de Cozinha Cheff Master com Tampo 2 PT Tannah e Branco,"['#fefefe', '#9b9794', '#6e5a4c', '#e0e0e0', '#c5c4c4']","['white', 'darkgray', 'dimgray', 'gainsboro', 'silver']",https://static.mobly.com.br/p/BATROL-BalcC3A3o-de-Cozinha-Cheff-Master-com-Tampo-2-PT--Tannah-e-Branco-5391-243016-1-cart.jpg,Balcao de Cozinha
Paneleiro Napoli Prime 4 PT Castanho e Chumbo,"['#fefefe', '#726c69', '#878585', '#eeebe6', '#b5b5b4']","['white', 'dimgray', 'gray', 'linen', 'silver']",https://static.mobly.com.br/p/Ronipa-Paneleiro-Napoli-Prime-4-PT-Castanho-e-Chumbo-4385-757489-1-cart.jpg,Paneleiro
ArmÃ¡rio AÃ©reo Max 1 PT Branco,"['#e5e8ed', '#888285', '#fefefe', '#3b414e', '#bdbfc7']","['lavender', 'gray', 'white', 'darkslategray', 'silver']",https://static.mobly.com.br/p/Arte-MC3B3veis-ArmC3A1rio-AC3A9reo-Max-1-PT-Branco-2916-4558411-1-cart.jpg,
ArmÃ¡rio AÃ©reo Max 1 PT Branco e Preto,"['#fdfdfd', '#030203', '#9d887c', '#b8b2af', '#6e513f']","['white', 'black', 'gray', 'darkgray', 'darkolivegreen']",https://static.mobly.com.br/p/Arte-MC3B3veis-ArmC3A1rio-AC3A9reo-Max-1-PT-Branco-e-Preto-2910-5558411-1-cart.jpg,
BalcÃ£o para Micro-Ondas com Fruteira Adriana 1 PT Branco,"['#fefefe', '#d9d9d9', '#ececec', '#e3e3e3', '#cdcdcd']","['white', 'gainsboro', 'whitesmoke', 'gainsboro', 'lightgray']",https://static.mobly.com.br/p/Genial-Flex-BalcC3A3o-para-Micro-Ondas-com-Fruteira-Adriana-1-PT-Branco-5161-235506-1-cart.jpg,
ArmÃ¡rio AÃ©reo Max 1 PT FreijÃ³ e Branco,"['#cacad2', '#291108', '#fefefd', '#877164', '#5d3720']","['lightgray', 'black', 'white', 'dimgray', 'saddlebrown']",https://static.mobly.com.br/p/Arte-MC3B3veis-ArmC3A1rio-AC3A9reo-Max-1-PT-FreijC3B3-e-Branco-2897-7558411-1-cart.jpg,
Paneleiro Chardonnay 4 PT Castanho e Chumbo,"['#fefefe', '#7f6249', '#452d19', '#c7bfb5', '#4e4a47']","['white', 'dimgray', 'darkslategray', 'silver', 'darkslategray']",https://static.mobly.com.br/p/Ronipa-Paneleiro-Chardonnay-4-PT-Castanho-e-Chumbo-9647-6079301-1-cart.jpg,Paneleiro
ArmÃ¡rio AÃ©reo Max 1 PT FreijÃ³ e Grafite,"['#fefefd', '#1f1a19', '#bcac9d', '#756255', '#55321d']","['white', 'black', 'darkgray', 'dimgray', 'saddlebrown']",https://static.mobly.com.br/p/Arte-MC3B3veis-ArmC3A1rio-AC3A9reo-Max-1-PT-FreijC3B3-e-Grafite-2891-8558411-1-cart.jpg,
BalcÃ£o de Cozinha com Tampo Evidence 1 PT Branco 40 cm,"['#6f6f6f', '#fefefe', '#e7e7e7', '#292929', '#b7b7b7']","['dimgray', 'white', 'lavender', 'darkslategray', 'silver']",https://static.mobly.com.br/p/Poliman-BalcC3A3o-de-Cozinha-com-Tampo-Evidence-1-PT-Branco-40-cm-5532-9379401-1-cart.jpg,Balcao de Cozinha
ArmÃ¡rio AÃ©reo Max 1 PT Preto,"['#5a5654', '#fefefd', '#0c0908', '#2a2a29', '#939190']","['dimgray', 'white', 'black', 'darkslategray', 'gray']",https://static.mobly.com.br/p/Arte-MC3B3veis-ArmC3A1rio-AC3A9reo-Max-1-PT-Preto-2885-9558411-1-cart.jpg,
Cozinha Compacta Vini 2 PT Preta,"['#201e1e', '#c2c2bf', '#5b5a55', '#e2e2e0', '#8d8b85']","['black', 'silver', 'dimgray', 'gainsboro', 'gray']",https://static.mobly.com.br/p/Patrimar-Cozinha-Compacta-Vini-2-PT-Preta-3315-130866-1-cart.jpg,Conjunto Cozinha
Fruteira ParanÃ¡ com Cestos 1 PT Branca,"['#898887', '#fefefe', '#bababa', '#44403a', '#d0d0cf']","['gray', 'white', 'silver', 'darkslategray', 'lightgray']",https://static.mobly.com.br/p/Arte-MC3B3veis-Fruteira-ParanC3A1-com-Cestos-1-PT-Branca-2880-0658411-1-cart.jpg,
Fruteira ParanÃ¡ com Cestos 1 PT Branca e Preta,"['#fefefe', '#828282', '#bbbbbb', '#393939', '#d0d0d0']","['white', 'gray', 'silver', 'darkslategray', 'lightgray']",https://static.mobly.com.br/p/Arte-MC3B3veis-Fruteira-ParanC3A1-com-Cestos-1-PT-Branca-e-Preta-2872-1658411-1-cart.jpg,
Paneleiro Napoli Prime 4 PT Castanho e Branco,"['#fefefe', '#a09488', '#d7d8d7', '#c2bcb5', '#776455']","['white', 'rosybrown', 'lightgray', 'silver', 'dimgray']",https://static.mobly.com.br/p/Ronipa-Paneleiro-Napoli-Prime-4-PT-Castanho-e-Branco-0352-217637-1-cart.jpg,Paneleiro
Fruteira ParanÃ¡ com Cestos 1 PT IpÃª e Off White,"['#fefefd', '#513d27', '#d3ccc3', '#191009', '#8d877e']","['white', 'darkolivegreen', 'lightgray', 'black', 'gray']",https://static.mobly.com.br/p/Arte-MC3B3veis-Fruteira-ParanC3A1-com-Cestos-1-PT-IpC3AA-e-Off-White-2866-2658411-1-cart.jpg,
ArmÃ¡rio AÃ©reo Iluminata 2 PT Branco 80 cm,"['#fefefd', '#d5ccc5', '#b5a08f', '#90735c', '#e4e3e1']","['white', 'lightgray', 'rosybrown', 'gray', 'gainsboro']",https://static.mobly.com.br/p/GENIALFLEX-ArmC3A1rio-AC3A9reo-Iluminata-2-PT-Branco-80-cm-0338-1469301-1-cart.jpg,
BalcÃ£o de Cozinha com Tampo Omega 2 PT 1 GV FreijÃ³ e Grafite,"['#fdfdfc', '#1c1b20', '#8f7154', '#bdb4ad', '#624422']","['white', 'black', 'dimgray', 'silver', 'darkolivegreen']",https://static.mobly.com.br/p/Arte-MC3B3veis-BalcC3A3o-de-Cozinha-com-Tampo-Omega-2-PT-1-GV-FreijC3B3-e-Grafite-2842-6658411-1-cart.jpg,Balcao de Cozinha
BalcÃ£o de Cozinha Evidence 2 PT Branco,"['#dfdedb', '#fefdfd', '#bca69c', '#81817e', '#ef6f45']","['gainsboro', 'white', 'darkgray', 'gray', 'tomato']",https://static.mobly.com.br/p/Poliman-BalcC3A3o-de-Cozinha-Evidence-2-PT-Branco-2474-109429-1-cart.jpg,Balcao de Cozinha
Bancada SiriÃº Retangular FreijÃ³ e Preta,"['#fefefd', '#967f61', '#46423c', '#d7d3ce', '#a9a39c']","['white', 'gray', 'darkslategray', 'lightgray', 'darkgray']",https://static.mobly.com.br/p/Crome-Bancada-SiriC3BA-Retangular-FreijC3B3-e-Preta-4794-000728-1-cart.jpg,
ArmÃ¡rio AÃ©reo Evolution III 1 PT Tannah e Branco,"['#bfbbb7', '#8c8682', '#fefefe', '#e2e2e1', '#6a5e53']","['silver', 'gray', 'white', 'gainsboro', 'dimgray']",https://static.mobly.com.br/p/BATROL-ArmC3A1rio-AC3A9reo-Evolution-III-1-PT-Tannah-e-Branco-3479-023016-1-cart.jpg,
ArmÃ¡rio AÃ©reo Evidence 1 PT Branco 40 cm,"['#fdfdfd', '#969794', '#e1e1de', '#747471', '#c2c3c0']","['white', 'darkgray', 'gainsboro', 'dimgray', 'silver']",https://static.mobly.com.br/p/Poliman-ArmC3A1rio-AC3A9reo-Evidence-1-PT-Branco-40-cm-5524-1479401-1-cart.jpg,
ArmÃ¡rio AÃ©reo com Espelho Chardonnay 3 PT Castanho e Branco,"['#a38d6f', '#f2efeb', '#dcd1be', '#fefefd', '#c6b69a']","['rosybrown', 'linen', 'lightgray', 'white', 'tan']",https://static.mobly.com.br/p/Ronipa-ArmC3A1rio-AC3A9reo-com-Espelho-Chardonnay-3-PT-Castanho-e-Branco-1799-566637-1-cart.jpg,
BalcÃ£o de Cozinha com Tampo Top Class 2 PT Branco,"['#e9e9e9', '#2c2c2c', '#fdfdfd', '#7b7b7b', '#bfbfbf']","['lavender', 'darkslategray', 'white', 'gray', 'silver']",https://static.mobly.com.br/p/BATROL-BalcC3A3o-de-Cozinha-com-Tampo-Top-Class-2-PT-Branco-0728-6275601-1-cart.jpg,Balcao de Cozinha
ArmÃ¡rio de Cozinha Completa 270cm Rustic/Crema Agata Madesa 03,"['#5b4e41', '#ab9e90', '#2c241c', '#867762', '#c8bbae']","['darkolivegreen', 'rosybrown', 'black', 'gray', 'silver']",https://static.mobly.com.br/p/Madesa-ArmC3A1rio-de-Cozinha-Completa-270cm-Rustic2FCrema-Agata-Madesa-03-4689-0877311-1-cart.jpg,Cozinha completa
Fruteira Cris Branca Artefarmol,"['#e1e1dd', '#fdfdfd', '#524c32', '#978e4c', '#b7b6af']","['gainsboro', 'white', 'darkolivegreen', 'peru', 'darkgray']",https://static.mobly.com.br/p/Modern-Fruteira-Cris-Branca-Artefarmol-8170-961004-1-cart.jpg,
Paneleiro Iluminata para Forno 2 PT 1 GV Branco e Ãbano,"['#fefefe', '#6a4c3d', '#e7e3e0', '#ad9f96', '#2f150a']","['white', 'darkolivegreen', 'gainsboro', 'darkgray', 'black']",https://static.mobly.com.br/p/GENIALFLEX-Paneleiro-Iluminata-para-Forno-2-PT-1-GV-Branco-e-C389bano-8180-3449401-1-cart.jpg,Paneleiro
BalcÃ£o de Cozinha Frow 2 PT FreijÃ³ e Off White,"['#fdfefd', '#826748', '#edeade', '#a29584', '#c8c1b5']","['white', 'dimgray', 'beige', 'rosybrown', 'silver']",https://static.mobly.com.br/p/Kappesberg-BalcC3A3o-de-Cozinha-Frow-2-PT-FreijC3B3-e-Off-White-1692-549147-1-cart.jpg,Balcao de Cozinha
Cozinha Completa Madesa Reims 310001 com ArmÃ¡rio e BalcÃ£o - Branco,"['#a69680', '#e3ded8', '#463d30', '#ccbea7', '#7c705f']","['rosybrown', 'gainsboro', 'darkslategray', 'silver', 'dimgray']",https://static.mobly.com.br/p/Madesa-Cozinha-Completa-Madesa-Reims-310001-com-ArmC3A1rio-e-BalcC3A3o---Branco-8693-653867-1-cart.jpg,Cozinha completa
ArmÃ¡rio AÃ©reo Cook 2 PT Aveiro e Branco 70 cm,"['#fefefe', '#b4a99e', '#e6e5e4', '#a49485', '#d4d0ca']","['white', 'darkgray', 'gainsboro', 'rosybrown', 'lightgray']",https://static.mobly.com.br/p/BE-MobiliC3A1rio-Inteligente-ArmC3A1rio-AC3A9reo-Cook-2-PT-Aveiro-e-Branco-70-cm-5152-818926-1-cart.jpg,
ArmÃ¡rio AÃ©reo Maxxi 1 PT Branco 40 cm,"['#fefefe', '#e5e4e5', '#686662', '#d1cfd0', '#a09f9c']","['white', 'gainsboro', 'dimgray', 'lightgray', 'darkgray']",https://static.mobly.com.br/p/Kappesberg-ArmC3A1rio-AC3A9reo-Maxxi-1-PT-Branco-40-cm-2214-017789-1-cart.jpg,
Cozinha Compacta Malu 9 PT 2 GV Manchester e Grafite,"['#666656', '#433f38', '#b3aca1', '#838472', '#d6d1ca']","['dimgray', 'darkslategray', 'darkgray', 'gray', 'lightgray']",https://static.mobly.com.br/p/Fellicci-Moveis-Cozinha-Compacta-Malu-9-PT-2-GV-Manchester-e-Grafite-9561-5462501-1-cart.jpg,Conjunto Cozinha
ArmÃ¡rio AÃ©reo Cook l 3 PT Aveiro e Madeira 120 cm,"['#ac8365', '#fefefd', '#dccdc1', '#a0785b', '#af9c8c']","['rosybrown', 'white', 'lightgray', 'gray', 'rosybrown']",https://static.mobly.com.br/p/BE-MobiliC3A1rio-Inteligente-ArmC3A1rio-AC3A9reo-Cook-l-3-PT-Aveiro-e-Madeira-120-cm-5627-238926-1-cart.jpg,
Conjunto Sala de Jantar Madesa Havana Mesa Tampo de Madeira com 4 Cadeiras - Preto/Rustic,"['#9e9996', '#7b736b', '#1e1915', '#d6d4d2', '#504741']","['darkgray', 'dimgray', 'black', 'lightgray', 'darkslategray']",https://static.mobly.com.br/p/Madesa-Conjunto-Sala-de-Jantar-Madesa-Havana-Mesa-Tampo-de-Madeira-com-4-Cadeiras---Preto2FRustic-6733-762938-1-cart.jpg,
BalcÃ£o de Cozinha com Tampo Top Class Tannat,"['#fefefd', '#524030', '#9e9a96', '#21170e', '#cecac6']","['white', 'darkolivegreen', 'darkgray', 'black', 'lightgray']",https://static.mobly.com.br/p/BATROL-BalcC3A3o-de-Cozinha-com-Tampo-Top-Class-Tannat-5071-8090211-1-cart.jpg,Balcao de Cozinha
Cozinha Compacta Atena 6 PT 1 GV Preto Onix ,"['#c4a28d', '#1f1b1b', '#dcd3d1', '#a4725a', '#6c4e43']","['rosybrown', 'black', 'lightgray', 'indianred', 'darkolivegreen']",https://static.mobly.com.br/p/Gralar-Cozinha-Compacta-Atena-6-PT-1-GV-Preto-OnixC2A0-9400-7896411-1-cart.jpg,Conjunto Cozinha
Tampo para BalcÃ£o de Cozinha Evidence Ãnix 80 cm,"['#fefefe', '#1c1c20', '#949495', '#545456', '#cccccd']","['white', 'black', 'lightslategray', 'dimgray', 'lightgray']",https://static.mobly.com.br/p/Poliman-Tampo-para-BalcC3A3o-de-Cozinha-Evidence-C394nix-80-cm-0716-409429-1-cart.jpg,Balcao de Cozinha
Nicho para Micro-ondas Space Grafite,"['#fefefe', '#616060', '#afafad', '#1a1a1a', '#989795']","['white', 'dimgray', 'darkgray', 'black', 'darkgray']",https://static.mobly.com.br/p/Poliman-Nicho-para-Micro-ondas-Space-Grafite-5420-4679401-1-cart.jpg,
Balcao Para Pia 3 Portas 2 Gavetas 120CM 17023 Oak Grafite PLN,"['#a6a39e', '#484644', '#fcfcfb', '#756e66', '#dbdad8']","['darkgray', 'darkslategray', 'snow', 'dimgray', 'gainsboro']",https://static.mobly.com.br/p/Poliman-Balcao-Para-Pia-3-Portas-2-Gavetas-120CM-17023-Oak-Grafite-PLN-0059-5221611-1-cart.jpg,
BalcÃ£o de Cozinha Multipla com Tampo 3 PT 2 GV Branco,"['#5a5a5a', '#e8e8e8', '#fefefe', '#808080', '#cacaca']","['dimgray', 'lavender', 'white', 'gray', 'lightgray']",https://static.mobly.com.br/p/Bertolini-BalcC3A3o-de-Cozinha-Multipla-com-Tampo-3-PT-2-GV-Branco-2214-871155-1-cart.jpg,Balcao de Cozinha
Balcao Com Tampo 120CM 17023x17508 Oak Grafite PLN,"['#b3afaa', '#7a7266', '#fcfcfa', '#494644', '#dcdbd8']","['darkgray', 'dimgray', 'snow', 'darkslategray', 'gainsboro']",https://static.mobly.com.br/p/Poliman-Balcao-Com-Tampo-120CM-17023x17508-Oak-Grafite-PLN-0100-1321611-1-cart.jpg,
ArmÃ¡rio AÃ©reo Confort 1 PT Cinamomo e FumÃª 80 cm,"['#8c8680', '#fefefd', '#362c1c', '#ccc3b6', '#7d6f5f']","['gray', 'white', 'darkslategray', 'silver', 'dimgray']",https://static.mobly.com.br/p/BATROL-ArmC3A1rio-AC3A9reo-Confort-1-PT-Cinamomo-e-FumC3AA-80-cm-1444-0560701-1-cart.jpg,
ArmÃ¡rio de Cozinha Completa Madesa Reims 260001 com BalcÃ£o e Tampo - Preto/Rustic,"['#766050', '#2a1f1a', '#ceb397', '#4a3a31', '#a38972']","['dimgray', 'black', 'tan', 'darkslategray', 'rosybrown']",https://static.mobly.com.br/p/Madesa-ArmC3A1rio-de-Cozinha-Completa-Madesa-Reims-260001-com-BalcC3A3o-e-Tampo---Preto2FRustic-2407-611339-1-cart.jpg,Cozinha completa
BalcÃ£o de Cozinha sem Tampo Souza 2 PT 3 GV Branco,"['#dbdbdb', '#fdfdfc', '#424241', '#b18165', '#c2c2c0']","['gainsboro', 'white', 'darkslategray', 'rosybrown', 'silver']",https://static.mobly.com.br/p/EvidC3AAncia-BalcC3A3o-de-Cozinha-sem-Tampo-Souza-2-PT-3-GV-Branco-0790-306371-1-cart.jpg,Balcao de Cozinha
Bancada gourmet ilha cozinha DitÃ¡lia 2 Prat. Cinza CD-1019,"['#c0bfbf', '#fefefd', '#949293', '#e2dfde', '#b3aaa2']","['silver', 'white', 'lightslategray', 'gainsboro', 'darkgray']",https://static.mobly.com.br/p/DitC3A1lia-Bancada-gourmet-ilha-cozinha-DitC3A1lia-2-Prat.-Cinza-CD-1019-6263-1463801-1-cart.jpg,
Cozinha Compacta Com Balcao 240CM 10027x17036 Oak Grafite PLN,"['#fcfcfb', '#5c5a56', '#8b8882', '#c9c8c4', '#3b3a38']","['snow', 'dimgray', 'gray', 'silver', 'darkslategray']",https://static.mobly.com.br/p/Poliman-Cozinha-Compacta-Com-Balcao-240CM-10027x17036-Oak-Grafite-PLN-2308-3521611-1-cart.jpg,Conjunto Cozinha
Cozinha Compacta Com Balcao Para Pia 10027x17037 Oak Off White PLN,"['#656059', '#c8c5c1', '#fbfbfa', '#32302c', '#95918a']","['dimgray', 'silver', 'snow', 'darkslategray', 'gray']",https://static.mobly.com.br/p/Poliman-Cozinha-Compacta-Com-Balcao-Para-Pia-10027x17037-Oak-Off-White-PLN-2427-9521611-1-cart.jpg,Conjunto Cozinha
ArmÃ¡rio de Cozinha Completa 325cm Rustic Emilly Madesa 02,"['#d3cfc9', '#7e644b', '#938674', '#3f352b', '#aaa293']","['lightgray', 'dimgray', 'gray', 'darkslategray', 'darkgray']",https://static.mobly.com.br/p/Madesa-ArmC3A1rio-de-Cozinha-Completa-325cm-Rustic-Emilly-Madesa-02-0682-7990701-1-cart.jpg,Cozinha completa
ArmÃ¡rio de Cozinha Completa Madesa Emilly Dance com BalcÃ£o e AÃ©reo Vidro Reflex - Rustic/Preto,"['#2c2724', '#ba9b7f', '#997456', '#d8bea4', '#674a36']","['darkslategray', 'rosybrown', 'gray', 'tan', 'darkolivegreen']",https://static.mobly.com.br/p/Madesa-ArmC3A1rio-de-Cozinha-Completa-Madesa-Emilly-Dance-com-BalcC3A3o-e-AC3A9reo-Vidro-Reflex---Rustic2FPreto-9836-311339-1-cart.jpg,Cozinha completa
BalcÃ£o de Cozinha Evidence 3 PT 2 GV Branco,"['#fefefe', '#e8a187', '#b4b4b4', '#ececeb', '#ef6f44']","['white', 'darksalmon', 'darkgray', 'linen', 'tomato']",https://static.mobly.com.br/p/Poliman-BalcC3A3o-de-Cozinha-Evidence-3-PT-2-GV-Branco-2339-898429-1-cart.jpg,Balcao de Cozinha
Cozinha Completa Atena 10 PT 1 GV Preto Onix,"['#1c1815', '#d0cac6', '#7c5c49', '#ac8c75', '#38302b']","['black', 'lightgray', 'dimgray', 'rosybrown', 'darkslategray']",https://static.mobly.com.br/p/Gralar-Cozinha-Completa-Atena-10-PT-1-GV-Preto-Onix-9437-3896411-1-cart.jpg,Cozinha completa
Cozinha Compacta Iluminata 8 PT 4 GV Branca e Ãbano,"['#fdfdfc', '#84746a', '#b8aea6', '#e2ddd9', '#3c2618']","['white', 'gray', 'darkgray', 'gainsboro', 'darkslategray']",https://static.mobly.com.br/p/GENIALFLEX-Cozinha-Compacta-Iluminata-8-PT-4-GV-Branca-e-C389bano-6622-2963011-2-cart.jpg,Conjunto Cozinha
ArmÃ¡rio AÃ©reo Canelone com Vidro 3 PT Preto,"['#c2c0c0', '#131212', '#fefefe', '#414141', '#757474']","['silver', 'black', 'white', 'darkslategray', 'dimgray']",https://static.mobly.com.br/p/Politorno-ArmC3A1rio-AC3A9reo-Canelone-com-Vidro-3-PT-Preto-5824-1819211-2-cart.jpg,
ArmÃ¡rio AÃ©reo Evidence 3 PT Branco 120 cm,"['#a9a7a3', '#fdfdfd', '#4a9ab7', '#cbc9c8', '#807c67']","['darkgray', 'white', 'steelblue', 'silver', 'gray']",https://static.mobly.com.br/p/Poliman-ArmC3A1rio-AC3A9reo-Evidence-3-PT-Branco-120-cm-0705-609429-2-cart.jpg,
BalcÃ£o de Cozinha Iluminata 2 PT Mint 80 cm,"['#f4f4f4', '#fefefe', '#d7d7d7', '#bbbbbb', '#e6e6e6']","['whitesmoke', 'white', 'lightgray', 'silver', 'gainsboro']",https://static.mobly.com.br/p/GENIALFLEX-BalcC3A3o-de-Cozinha-Iluminata-2-PT-Mint-80-cm-0362-8369301-2-cart.jpg,Balcao de Cozinha
Paneleiro Maxxi 2 PT Branco,"['#6a6056', '#fdfdfc', '#90877a', '#d1cfce', '#b4aea4']","['dimgray', 'white', 'gray', 'lightgray', 'darkgray']",https://static.mobly.com.br/p/Kappesberg-Paneleiro-Maxxi-2-PT-Branco-2232-707789-2-cart.jpg,Paneleiro
Paneleiro Firenze 4 PT Avena,"['#d6d0cb', '#c6b0a1', '#796b62', '#fefefd', '#43413c']","['lightgray', 'tan', 'dimgray', 'white', 'darkslategray']",https://static.mobly.com.br/p/DemC3B3bile-Paneleiro-Firenze-4-PT-Avena-2720-0542001-2-cart.jpg,Paneleiro
BalcÃ£o de Cozinha Bruges com Tampo 2 PT 3 GV FreijÃ³ e Off White,"['#e5e2da', '#886c4e', '#fefefd', '#4a331d', '#ab9f8f']","['gainsboro', 'dimgray', 'white', 'darkolivegreen', 'rosybrown']",https://static.mobly.com.br/p/Kappesberg-BalcC3A3o-de-Cozinha-Bruges-com-Tampo-2-PT-3-GV-FreijC3B3-e-Off-White-5241-098188-2-cart.jpg,Balcao de Cozinha
ArmÃ¡rio AÃ©reo Botanic 2 PT Nogueira 80 cm,"['#807460', '#f7f6f5', '#584f3c', '#dad5d1', '#b8afa4']","['dimgray', 'whitesmoke', 'darkolivegreen', 'lightgray', 'darkgray']",https://static.mobly.com.br/p/Kappesberg-ArmC3A1rio-AC3A9reo-Botanic-2-PT-Nogueira-80-cm-3795-827599-2-cart.jpg,
BalcÃ£o de Cozinha com Tampo CarmÃ©nere 3 PT 2 GV Marrom e Branco,"['#fefefe', '#bab1ac', '#eeeeee', '#d8d7d5', '#a88d7e']","['white', 'darkgray', 'whitesmoke', 'lightgray', 'rosybrown']",https://static.mobly.com.br/p/Ronipa-BalcC3A3o-de-Cozinha-com-Tampo-CarmC3A9nere-3-PT-2-GV-Marrom-e-Branco-0353-307637-2-cart.jpg,Balcao de Cozinha
Cozinha Compacta Dama 7 PT 3 GV Avena e Grafito,"['#fefdfc', '#928173', '#afa092', '#695a4d', '#d5ccc0']","['white', 'gray', 'rosybrown', 'dimgray', 'lightgray']",https://static.mobly.com.br/p/DemC3B3bile-Cozinha-Compacta-Dama-7-PT-3-GV-Avena-e-Grafito-3935-990999-2-cart.jpg,Conjunto Cozinha
Cozinha Completa Madesa Reims 310001 com ArmÃ¡rio e BalcÃ£o - Preto,"['#544535', '#fdfcfb', '#907d64', '#2f251e', '#c6b193']","['darkolivegreen', 'snow', 'gray', 'darkslategray', 'tan']",https://static.mobly.com.br/p/Madesa-Cozinha-Completa-Madesa-Reims-310001-com-ArmC3A1rio-e-BalcC3A3o---Preto-1384-764567-2-cart.jpg,Cozinha completa
BalcÃ£o de Cozinha com Tampo Confort 1 PT Grafite e Branco,"['#fefefe', '#424447', '#dedede', '#838385', '#b4b4b5']","['white', 'darkslategray', 'gainsboro', 'gray', 'darkgray']",https://static.mobly.com.br/p/BATROL-BalcC3A3o-de-Cozinha-com-Tampo-Confort-1-PT-Grafite-e-Branco-3439-070879-2-cart.jpg,Balcao de Cozinha
ArmÃ¡rio AÃ©reo CarmÃ©nere 2 PT Castanho e Chumbo,"['#fefefd', '#845e4e', '#523022', '#ddd0c7', '#b09586']","['white', 'dimgray', 'darkolivegreen', 'lightgray', 'rosybrown']",https://static.mobly.com.br/p/Ronipa-ArmC3A1rio-AC3A9reo-CarmC3A9nere-2-PT-Castanho-e-Chumbo-7138-007637-2-cart.jpg,
Kit de Cozinha Encanto 7 PT 2 GV Amendola e Branco,"['#fdfdfc', '#654228', '#bbaca0', '#e4e1df', '#926c50']","['white', 'saddlebrown', 'darkgray', 'gainsboro', 'sienna']",https://static.mobly.com.br/p/DemC3B3bile-Kit-de-Cozinha-Encanto-7-PT-2-GV-Amendola-e-Branco-1349-535088-2-cart.jpg,
ArmÃ¡rio AÃ©reo Canelone com Vidro 2 PT Preto,"['#fdfdfd', '#141414', '#8e8e8e', '#484747', '#c8c8c8']","['white', 'black', 'gray', 'darkslategray', 'silver']",https://static.mobly.com.br/p/Politorno-ArmC3A1rio-AC3A9reo-Canelone-com-Vidro-2-PT-Preto-5817-2819211-2-cart.jpg,
ArmÃ¡rio AÃ©reo Bruges Espelhado 2 PT Nogal,"['#fefefd', '#332415', '#705f4b', '#d4d1cd', '#988d7e']","['white', 'black', 'dimgray', 'lightgray', 'gray']",https://static.mobly.com.br/p/Kappesberg-ArmC3A1rio-AC3A9reo-Bruges-Espelhado-2-PT-Nogal-5108-778188-2-cart.jpg,
Cozinha Compacta Merlot 9 PT 1 GV Castanho e Branca,"['#fdfdfc', '#986948', '#d3cfcf', '#5f3e25', '#b29885']","['white', 'sienna', 'lightgray', 'darkolivegreen', 'rosybrown']",https://static.mobly.com.br/p/Ronipa-Cozinha-Compacta-Merlot-9-PT-1-GV-Castanho-e-Branca-6453-338629-2-cart.jpg,Conjunto Cozinha
ArmÃ¡rio AÃ©reo Botanic 3 PT Nogueira 120 cm,"['#96846b', '#fbf9f7', '#6f6650', '#cec7be', '#3f321f']","['gray', 'snow', 'dimgray', 'silver', 'darkslategray']",https://static.mobly.com.br/p/Kappesberg-ArmC3A1rio-AC3A9reo-Botanic-3-PT-Nogueira-120-cm-3911-037599-2-cart.jpg,
Paneleiro Botanic 2 PT Nogueira e Verde Oliva,"['#bdb7b1', '#fafaf8', '#9d9484', '#4b4133', '#776f5c']","['silver', 'snow', 'rosybrown', 'darkslategray', 'dimgray']",https://static.mobly.com.br/p/Kappesberg-Paneleiro-Botanic-2-PT-Nogueira-e-Verde-Oliva-3511-427599-2-cart.jpg,Paneleiro
BalcÃ£o de Cozinha com Tampo Botanic 2 PT Fendi e Nogueira,"['#fbf9f7', '#98826c', '#cec7bd', '#6d5a45', '#3a2c1b']","['snow', 'gray', 'silver', 'darkolivegreen', 'darkslategray']",https://static.mobly.com.br/p/Kappesberg-BalcC3A3o-de-Cozinha-com-Tampo-Botanic-2-PT-Fendi-e-Nogueira-2469-1684001-2-cart.jpg,Balcao de Cozinha
BalcÃ£o de Cozinha Evolution com Tampo 2 PT Carvalho,"['#fcfcfc', '#584b41', '#9c9188', '#cbcac9', '#786a5f']","['snow', 'darkolivegreen', 'rosybrown', 'lightgray', 'dimgray']",https://static.mobly.com.br/p/BATROL-BalcC3A3o-de-Cozinha-Evolution-com-Tampo-2-PT--Carvalho-3467-323016-2-cart.jpg,Balcao de Cozinha
BalcÃ£o de Cozinha com Tampo Vega 3 PT Branco,"['#8c7e6c', '#222623', '#c1c0c9', '#4f515c', '#b9a98d']","['gray', 'darkslategray', 'silver', 'darkslategray', 'rosybrown']",https://static.mobly.com.br/p/Arte-MC3B3veis-BalcC3A3o-de-Cozinha-com-Tampo-Vega-3-PT-Branco-2938-1558411-2-cart.jpg,Balcao de Cozinha
BalcÃ£o de Cozinha com Tampo Iluminata 2 PT Branco e Ãbano,"['#e1dbd6', '#625649', '#92887c', '#2b1f15', '#bdb7ad']","['gainsboro', 'darkolivegreen', 'gray', 'black', 'silver']",https://static.mobly.com.br/p/GENIALFLEX-BalcC3A3o-de-Cozinha-com-Tampo-Iluminata-2-PT-Branco-e-C389bano-8627-4601201-2-cart.jpg,Balcao de Cozinha
Conjunto com 2 Cadeiras Varsovia Luxo Veludo Marrom e Imbuia,"['#fefefd', '#654d3d', '#9a8575', '#4c3527', '#d3c7bc']","['white', 'darkolivegreen', 'gray', 'darkolivegreen', 'silver']",https://static.mobly.com.br/p/Modern-Conjunto-com-2-Cadeiras-Varsovia-Luxo-Veludo-Marrom-e-Imbuia-1198-2983611-2-cart.jpg,
BalcÃ£o de Cozinha Campinas 4 PT 1 GV Branco,"['#46858b', '#c3b6a6', '#0f383b', '#d8d5d1', '#7f6249']","['steelblue', 'silver', 'darkslategray', 'lightgray', 'dimgray']",https://static.mobly.com.br/p/Arte-MC3B3veis-BalcC3A3o-de-Cozinha-Campinas-4-PT-1-GV-Branco-4802-9951301-2-cart.jpg,Balcao de Cozinha
Conjunto com 4 Cadeiras Atenas Suede Animalle Chocolate e Capuccino,"['#fefefd', '#8a6d53', '#ab947c', '#634934', '#dfd2c4']","['white', 'dimgray', 'rosybrown', 'darkolivegreen', 'lightgray']",https://static.mobly.com.br/p/Modern-Conjunto-com-4-Cadeiras-Atenas-Suede-Animalle-Chocolate-e-Capuccino-1195-3983611-2-cart.jpg,
Paneleiro Maxxi 1 PT 3 GV Branco,"['#cdc7c3', '#766b61', '#fbfaf8', '#a0968f', '#332d2a']","['silver', 'dimgray', 'snow', 'rosybrown', 'darkslategray']",https://static.mobly.com.br/p/Kappesberg-Paneleiro-Maxxi-1-PT-3-GV-Branco-2226-807789-2-cart.jpg,Paneleiro
Conjunto com 4 Cadeiras Atenas Suede Amassado Chocolate e Capuccino,"['#fefefd', '#a69580', '#715332', '#c0b3a1', '#eae1d4']","['white', 'rosybrown', 'darkolivegreen', 'darkgray', 'gainsboro']",https://static.mobly.com.br/p/Modern-Conjunto-com-4-Cadeiras-Atenas-Suede-Amassado-Chocolate-e-Capuccino-1192-4983611-2-cart.jpg,
Tampo para BalcÃ£o Nox Orion 80 cm,"['#fefefe', '#d3cec4', '#f3f2ef', '#bab9b3', '#e1e0dc']","['white', 'lightgray', 'whitesmoke', 'silver', 'gainsboro']",https://static.mobly.com.br/p/Kappesberg-Tampo-para-BalcC3A3o-Nox-Orion-80-cm-1447-986119-2-cart.jpg,
Conjunto com 4 Cadeiras Aurora Veludo PÃ©rola e Capuccino,"['#fefefd', '#d5c8b9', '#956b50', '#c2ad9a', '#ece4da']","['white', 'silver', 'sienna', 'tan', 'antiquewhite']",https://static.mobly.com.br/p/Modern-Conjunto-com-4-Cadeiras-Aurora-Veludo-PC3A9rola-e-Capuccino-1264-5983611-2-cart.jpg,
BalcÃ£o de Cozinha Nox 2 PT Ãnix e Steel 80 cm,"['#fcfcfc', '#4a433c', '#878078', '#c2c0bd', '#27231d']","['snow', 'darkslategray', 'gray', 'silver', 'black']",https://static.mobly.com.br/p/Kappesberg-BalcC3A3o-de-Cozinha-Nox-2-PT-C394nix-e-Steel-80-cm-1527-766119-2-cart.jpg,Balcao de Cozinha
Bancada Americana Affara,"['#e3e0dc', '#625447', '#fdfdfd', '#3b3127', '#9b928b']","['gainsboro', 'darkolivegreen', 'white', 'darkslategray', 'rosybrown']",https://static.mobly.com.br/p/Plata-Bancada-Americana-Affara-7396-4936611-2-cart.jpg,
Paneleiro Iluminata com Vidro 1 PT 1 GV Verde Mint e Ãbano,"['#fefefe', '#616c5d', '#d2d3cc', '#1d1713', '#899183']","['white', 'dimgray', 'lightgray', 'black', 'gray']",https://static.mobly.com.br/p/GENIALFLEX-Paneleiro-Iluminata-com-Vidro-1-PT-1-GV-Verde-Mint-e-C389bano-8177-4449401-2-cart.jpg,Paneleiro
BalcÃ£o de Cozinha com Tampo Botanic 2 PT 3 GV Verde Oliva e Nogueira,"['#fdfdfc', '#6d7c63', '#745d44', '#9c9884', '#d1ccbf']","['white', 'dimgray', 'darkolivegreen', 'rosybrown', 'silver']",https://static.mobly.com.br/p/Kappesberg-BalcC3A3o-de-Cozinha-com-Tampo-Botanic-2-PT-3-GV-Verde-Oliva-e-Nogueira-2451-4684001-2-cart.jpg,Balcao de Cozinha
BalcÃ£o de Cozinha com Tampo Chardonnay 3 PT 2 GV Castanho e Branco,"['#bdad9a', '#dfdbd5', '#6c5d50', '#f7f5f2', '#9c8871']","['darkgray', 'gainsboro', 'dimgray', 'whitesmoke', 'gray']",https://static.mobly.com.br/p/Ronipa-BalcC3A3o-de-Cozinha-com-Tampo-Chardonnay-3-PT-2-GV-Castanho-e-Branco-8935-766637-2-cart.jpg,Balcao de Cozinha
Conjunto com 2 Cadeiras Amanda Veludo Bege e Imbuia,"['#fefefe', '#947a6d', '#b6a093', '#695546', '#e8dfd5']","['white', 'gray', 'rosybrown', 'darkolivegreen', 'gainsboro']",https://static.mobly.com.br/p/Modern-Conjunto-com-2-Cadeiras-Amanda-Veludo-Bege-e-Imbuia-6653-8319611-2-cart.jpg,
Conjunto com 2 Cadeiras Amanda Veludo Marrom Claro e Imbuia,"['#fefefd', '#8e745f', '#d7ccc1', '#695543', '#b09985']","['white', 'gray', 'lightgray', 'darkolivegreen', 'rosybrown']",https://static.mobly.com.br/p/Modern-Conjunto-com-2-Cadeiras-Amanda-Veludo-Marrom-Claro-e-Imbuia-1426-9319611-2-cart.jpg,
ArmÃ¡rio AÃ©reo Frow II 2 PT FreijÃ³ e Off White 80 cm,"['#fefefc', '#5a4026', '#84684b', '#d3c9be', '#a5927c']","['white', 'darkolivegreen', 'dimgray', 'silver', 'rosybrown']",https://static.mobly.com.br/p/Kappesberg-ArmC3A1rio-AC3A9reo-Frow-II-2-PT-FreijC3B3-e-Off-White-80-cm-9923-659147-2-cart.jpg,
Cozinha Compacta Firenze II 6 PT 2 GV AmÃªndola e Branca,"['#fefefd', '#a59d97', '#d2ceca', '#e5e4e3', '#85634a']","['white', 'darkgray', 'lightgray', 'gainsboro', 'dimgray']",https://static.mobly.com.br/p/DemC3B3bile-Cozinha-Compacta-Firenze-II-6-PT-2-GV-AmC3AAndola-e-Branca-3334-799299-2-cart.jpg,Conjunto Cozinha
Tampo de Cozinha Atena Teka 120 cm,"['#745a38', '#fefefd', '#a79987', '#d8cebf', '#826a47']","['darkolivegreen', 'white', 'rosybrown', 'lightgray', 'dimgray']",https://static.mobly.com.br/p/Gralar-Tampo-de-Cozinha-Atena-Teka-120-cm-0476-5336111-2-cart.jpg,
BalcÃ£o de Cozinha com Tampo Botanic 2 PT 3 GV Fendi e Nogueira,"['#958778', '#fdfdfc', '#7b624a', '#c5b9ac', '#5e4731']","['gray', 'white', 'dimgray', 'silver', 'darkolivegreen']",https://static.mobly.com.br/p/Kappesberg-BalcC3A3o-de-Cozinha-com-Tampo-Botanic-2-PT-3-GV-Fendi-e-Nogueira-2456-3684001-2-cart.jpg,Balcao de Cozinha
Paneleiro Conecta 4 PT Ãbano e Branco 80 cm,"['#fefefe', '#bfb4aa', '#805f49', '#d5cfcb', '#99918a']","['white', 'darkgray', 'dimgray', 'lightgray', 'gray']",https://static.mobly.com.br/p/GENIALFLEX-Paneleiro-Conecta-4-PT-C389bano-e-Branco-80-cm-9613-5729211-2-cart.jpg,Paneleiro
Cozinha Completa Madesa Reims 310001 com ArmÃ¡rio e BalcÃ£o - Preto/Rustic,"['#c9b492', '#332c25', '#fcfcfa', '#98876a', '#625441']","['tan', 'darkslategray', 'snow', 'gray', 'darkolivegreen']",https://static.mobly.com.br/p/Madesa-Cozinha-Completa-Madesa-Reims-310001-com-ArmC3A1rio-e-BalcC3A3o---Preto2FRustic-9007-172867-2-cart.jpg,Cozinha completa
ArmÃ¡rio AÃ©reo Chardonnay 3 PT Castanho e Branco,"['#f2eeec', '#9e8972', '#d1cac3', '#e0dad5', '#b9aea2']","['linen', 'gray', 'lightgray', 'gainsboro', 'darkgray']",https://static.mobly.com.br/p/Ronipa-ArmC3A1rio-AC3A9reo-Chardonnay-3-PT-Castanho-e-Branco-0863-366637-2-cart.jpg,
ArmÃ¡rio AÃ©reo Iluminata 1 PT Branco 80 cm,"['#fefefd', '#c9bda8', '#dbd5d2', '#91846b', '#e1dddc']","['white', 'silver', 'lightgray', 'gray', 'gainsboro']",https://static.mobly.com.br/p/GENIALFLEX-ArmC3A1rio-AC3A9reo-Iluminata-1-PT-Branco-80-cm-8227-1349401-2-cart.jpg,
BalcÃ£o de Cozinha com Tampo Confort 2 PT 4 GV Grafite e Branco,"['#7f8081', '#fefefe', '#d8d8d8', '#45484a', '#b0b0b0']","['gray', 'white', 'gainsboro', 'darkslategray', 'darkgray']",https://static.mobly.com.br/p/BATROL-BalcC3A3o-de-Cozinha-com-Tampo-Confort-2-PT-4-GV-Grafite-e-Branco-3444-860879-2-cart.jpg,Balcao de Cozinha
Fruteira Curitiba 1 GV Preta,"['#0f0d0b', '#aba295', '#7c746a', '#d3b994', '#41352e']","['black', 'darkgray', 'dimgray', 'tan', 'darkslategray']",https://static.mobly.com.br/p/Arte-MC3B3veis-Fruteira-Curitiba-1-GV-Preta-4682-6951301-2-cart.jpg,
BalcÃ£o de Cozinha Botanic 2 PT Nogueira e Verde Oliva,"['#706751', '#faf9f7', '#d0c8bd', '#3e301d', '#96846c']","['dimgray', 'snow', 'silver', 'darkslategray', 'gray']",https://static.mobly.com.br/p/Kappesberg-BalcC3A3o-de-Cozinha-Botanic-2-PT-Nogueira-e-Verde-Oliva-3186-127599-2-cart.jpg,Balcao de Cozinha
Cozinha Compacta Malbec Prime 12 PT 2 GV Castanho e Chumbo,"['#826554', '#fdfdfc', '#553829', '#515456', '#b9b1ac']","['dimgray', 'white', 'darkolivegreen', 'darkslategray', 'darkgray']",https://static.mobly.com.br/p/Ronipa-Cozinha-Compacta-Malbec-Prime-12-PT-2-GV-Castanho-e-Chumbo-5246-268367-2-cart.jpg,Conjunto Cozinha
BalcÃ£o de Cozinha Frow PT FreijÃ³,"['#fcfcfb', '#29231d', '#8a6d4e', '#beb1a3', '#5b4935']","['snow', 'black', 'dimgray', 'darkgray', 'darkolivegreen']",https://static.mobly.com.br/p/Kappesberg-BalcC3A3o-de-Cozinha-Frow-PT-FreijC3B3-1669-249147-2-cart.jpg,Balcao de Cozinha
ArmÃ¡rio MultiÃºso com Mesa GoiÃ¡s 2 PT Branco,"['#998f81', '#e5e2df', '#c9c4be', '#776e62', '#b2aba0']","['gray', 'gainsboro', 'silver', 'dimgray', 'darkgray']",https://static.mobly.com.br/p/Politorno-ArmC3A1rio-MultiC3BAso-com-Mesa-GoiC3A1s-2-PT-Branco-8175-959762-2-cart.jpg,
BalcÃ£o de Cozinha com Tampo CarmÃ©nere 3 PT 2 GV Castanho e Chumbo,"['#fefefe', '#565554', '#d7b8a6', '#938c87', '#ebe8e6']","['white', 'dimgray', 'tan', 'gray', 'linen']",https://static.mobly.com.br/p/Ronipa-BalcC3A3o-de-Cozinha-com-Tampo-CarmC3A9nere-3-PT-2-GV-Castanho-e-Chumbo-0359-207637-2-cart.jpg,Balcao de Cozinha
ArmÃ¡rio para Micro-ondas Asti 1 PT Branco,"['#eae6e1', '#85806b', '#3d3a33', '#cac7c0', '#a9a69c']","['gainsboro', 'gray', 'darkslategray', 'silver', 'darkgray']",https://static.mobly.com.br/p/BRV-MC3B3veis-ArmC3A1rio-para-Micro-ondas-Asti-1-PT-Branco-4633-63321-2-cart.jpg,
BalcÃ£o de Cozinha Bruges com Tampo 1 PT FreijÃ³ e Off White 60 cm,"['#fefefd', '#87694a', '#ddd9d3', '#aa9580', '#4f361d']","['white', 'dimgray', 'gainsboro', 'rosybrown', 'darkolivegreen']",https://static.mobly.com.br/p/Kappesberg-BalcC3A3o-de-Cozinha-Bruges-com-Tampo-1-PT-FreijC3B3-e-Off-White-60-cm-5254-788188-2-cart.jpg,Balcao de Cozinha
BalcÃ£o de Cozinha Iluminata 2 PT 3 GV Branco 120 cm,"['#e0dedc', '#fefefe', '#6f665f', '#d3d2cf', '#a9a5a2']","['gainsboro', 'white', 'dimgray', 'lightgray', 'darkgray']",https://static.mobly.com.br/p/GENIALFLEX-BalcC3A3o-de-Cozinha-Iluminata-2-PT-3-GV-Branco-120-cm-0293-8469301-2-cart.jpg,Balcao de Cozinha
Paneleiro Chardonnay 2 PT Castanho e Branco,"['#fefefe', '#9b9285', '#d7c4b6', '#eaeaea', '#cc9d81']","['white', 'gray', 'silver', 'lavender', 'rosybrown']",https://static.mobly.com.br/p/Ronipa-Paneleiro-Chardonnay-2-PT-Castanho-e-Branco-2085-966637-2-cart.jpg,Paneleiro
BalcÃ£o de Cozinha com Tampo New 2 PT 1 GV Tannat e Branco,"['#fcfbfc', '#554133', '#dad8d7', '#2d1c0f', '#9f9c99']","['snow', 'darkolivegreen', 'gainsboro', 'black', 'darkgray']",https://static.mobly.com.br/p/BATROL-BalcC3A3o-de-Cozinha-com-Tampo-New-2-PT-1-GV-Tannat-e-Branco-4943-7290211-2-cart.jpg,Balcao de Cozinha
Paneleiro Duplo Forno Firenze 4 PT Avena,"['#fefefd', '#766d65', '#beab9d', '#d4d0cc', '#4a453f']","['white', 'dimgray', 'darkgray', 'lightgray', 'darkslategray']",https://static.mobly.com.br/p/DemC3B3bile-Paneleiro-Duplo-Forno-Firenze-4-PT-Avena-2747-4442001-2-cart.jpg,Paneleiro
ArmÃ¡rio AÃ©reo Napoli Prime 1 PT Castanho e Branco,"['#cab199', '#715b48', '#b29981', '#3d3020', '#bfbfba']","['tan', 'dimgray', 'rosybrown', 'darkslategray', 'silver']",https://static.mobly.com.br/p/Ronipa-ArmC3A1rio-AC3A9reo-Napoli-Prime-1-PT-Castanho-e-Branco-1016-220667-2-cart.jpg,
Fruteira Curitiba 1 GV Branca,"['#4f3827', '#b59072', '#9c9a99', '#d8bda6', '#866952']","['darkolivegreen', 'rosybrown', 'darkgray', 'tan', 'dimgray']",https://static.mobly.com.br/p/Arte-MC3B3veis-Fruteira-Curitiba-1-GV-Branca-4701-3951301-2-cart.jpg,
ArmÃ¡rio AÃ©reo Botanic com Tela 2 PT Nogueira 80 cm,"['#706651', '#fbf9f7', '#3d301d', '#96846c', '#d0c8bd']","['dimgray', 'snow', 'darkslategray', 'gray', 'silver']",https://static.mobly.com.br/p/Kappesberg-ArmC3A1rio-AC3A9reo-Botanic-com-Tela-2-PT-Nogueira-80-cm-3865-927599-2-cart.jpg,
ArmÃ¡rio de Cozinha Simple 1 PT Branco,"['#8a736d', '#d6ccc9', '#fbfaf9', '#b49e99', '#62504b']","['gray', 'lightgray', 'snow', 'rosybrown', 'dimgray']",https://static.mobly.com.br/p/Mobly-ArmC3A1rio-de-Cozinha-Simple-1-PT-Branco-3345-164699-2-cart.jpg,
Paneleiro Nox 2 PT Ãnix e Steel,"['#fdfdfd', '#1f1b14', '#bdbbb8', '#423d37', '#7c7770']","['white', 'black', 'silver', 'darkslategray', 'gray']",https://static.mobly.com.br/p/Kappesberg-Paneleiro-Nox-2-PT-C394nix-e-Steel-1506-276119-2-cart.jpg,Paneleiro
BalcÃ£o de Cozinha Cheff Master com Tampo 2 PT Tannah e Branco,"['#3d2d21', '#fcfcfc', '#938d89', '#6f5b4d', '#cac8c6']","['darkslategray', 'snow', 'gray', 'dimgray', 'silver']",https://static.mobly.com.br/p/BATROL-BalcC3A3o-de-Cozinha-Cheff-Master-com-Tampo-2-PT--Tannah-e-Branco-5392-243016-2-cart.jpg,Balcao de Cozinha
Paneleiro Napoli Prime 4 PT Castanho e Chumbo,"['#fefefd', '#956b54', '#d7c5ba', '#6f4b38', '#a88672']","['white', 'sienna', 'silver', 'darkolivegreen', 'rosybrown']",https://static.mobly.com.br/p/Ronipa-Paneleiro-Napoli-Prime-4-PT-Castanho-e-Chumbo-4383-757489-2-cart.jpg,Paneleiro
ArmÃ¡rio AÃ©reo Max 1 PT Branco,"['#c7c9d2', '#90817d', '#342d29', '#a59693', '#6d6360']","['lightgray', 'gray', 'darkslategray', 'rosybrown', 'dimgray']",https://static.mobly.com.br/p/Arte-MC3B3veis-ArmC3A1rio-AC3A9reo-Max-1-PT-Branco-2918-4558411-2-cart.jpg,
ArmÃ¡rio AÃ©reo Max 1 PT Branco e Preto,"['#b9b0aa', '#020102', '#3f4343', '#868079', '#695f54']","['darkgray', 'black', 'darkslategray', 'gray', 'dimgray']",https://static.mobly.com.br/p/Arte-MC3B3veis-ArmC3A1rio-AC3A9reo-Max-1-PT-Branco-e-Preto-2911-5558411-2-cart.jpg,
BalcÃ£o para Micro-Ondas com Fruteira Adriana 1 PT Branco,"['#ccad99', '#7d5f4c', '#d9c4b7', '#a88e7e', '#ede9e9']","['tan', 'dimgray', 'silver', 'rosybrown', 'linen']",https://static.mobly.com.br/p/Genial-Flex-BalcC3A3o-para-Micro-Ondas-com-Fruteira-Adriana-1-PT-Branco-5162-235506-2-cart.jpg,
ArmÃ¡rio AÃ©reo Max 1 PT FreijÃ³ e Branco,"['#857672', '#c9cad2', '#2c160c', '#a99690', '#5f4433']","['gray', 'lightgray', 'black', 'rosybrown', 'darkolivegreen']",https://static.mobly.com.br/p/Arte-MC3B3veis-ArmC3A1rio-AC3A9reo-Max-1-PT-FreijC3B3-e-Branco-2898-7558411-2-cart.jpg,
Paneleiro Chardonnay 4 PT Castanho e Chumbo,"['#c0bab2', '#6e6051', '#8f816f', '#35302b', '#d3d0cb']","['silver', 'dimgray', 'gray', 'darkslategray', 'lightgray']",https://static.mobly.com.br/p/Ronipa-Paneleiro-Chardonnay-4-PT-Castanho-e-Chumbo-9648-6079301-2-cart.jpg,Paneleiro
ArmÃ¡rio AÃ©reo Max 1 PT FreijÃ³ e Grafite,"['#503d31', '#ac9c97', '#221b16', '#988782', '#766660']","['darkolivegreen', 'rosybrown', 'black', 'gray', 'dimgray']",https://static.mobly.com.br/p/Arte-MC3B3veis-ArmC3A1rio-AC3A9reo-Max-1-PT-FreijC3B3-e-Grafite-2893-8558411-2-cart.jpg,
BalcÃ£o de Cozinha com Tampo Evidence 1 PT Branco 40 cm,"['#e4e4e4', '#2f2e2d', '#979695', '#c5c3c0', '#6c6562']","['gainsboro', 'darkslategray', 'darkgray', 'silver', 'dimgray']",https://static.mobly.com.br/p/Poliman-BalcC3A3o-de-Cozinha-com-Tampo-Evidence-1-PT-Branco-40-cm-5533-9379401-2-cart.jpg,Balcao de Cozinha
ArmÃ¡rio AÃ©reo Max 1 PT Preto,"['#7b7471', '#9f9590', '#222020', '#b3aaa6', '#4c4847']","['gray', 'rosybrown', 'black', 'darkgray', 'darkslategray']",https://static.mobly.com.br/p/Arte-MC3B3veis-ArmC3A1rio-AC3A9reo-Max-1-PT-Preto-2887-9558411-2-cart.jpg,
Cozinha Compacta Vini 2 PT Preta,"['#fdfdfd', '#494140', '#b8b6b4', '#797674', '#1e1d1c']","['white', 'darkslategray', 'silver', 'gray', 'black']",https://static.mobly.com.br/p/Patrimar-Cozinha-Compacta-Vini-2-PT-Preta-9096-130866-2-cart.jpg,Conjunto Cozinha
Fruteira ParanÃ¡ com Cestos 1 PT Branca,"['#252524', '#b3af9b', '#84886b', '#d0cec7', '#454f50']","['darkslategray', 'darkgray', 'gray', 'lightgray', 'darkslategray']",https://static.mobly.com.br/p/Arte-MC3B3veis-Fruteira-ParanC3A1-com-Cestos-1-PT-Branca-2881-0658411-2-cart.jpg,
Fruteira ParanÃ¡ com Cestos 1 PT Branca e Preta,"['#83876b', '#252523', '#cfcdc6', '#b3af9a', '#444d4f']","['gray', 'darkslategray', 'lightgray', 'darkgray', 'darkslategray']",https://static.mobly.com.br/p/Arte-MC3B3veis-Fruteira-ParanC3A1-com-Cestos-1-PT-Branca-e-Preta-2876-1658411-2-cart.jpg,
Paneleiro Napoli Prime 4 PT Castanho e Branco,"['#fefefe', '#87705d', '#d9cfc6', '#675241', '#a29385']","['white', 'dimgray', 'lightgray', 'darkolivegreen', 'rosybrown']",https://static.mobly.com.br/p/Ronipa-Paneleiro-Napoli-Prime-4-PT-Castanho-e-Branco-0353-217637-2-cart.jpg,Paneleiro
Fruteira ParanÃ¡ com Cestos 1 PT IpÃª e Off White,"['#484944', '#d3d0c7', '#7e8367', '#252422', '#b2ad94']","['darkslategray', 'lightgray', 'gray', 'black', 'darkgray']",https://static.mobly.com.br/p/Arte-MC3B3veis-Fruteira-ParanC3A1-com-Cestos-1-PT-IpC3AA-e-Off-White-2867-2658411-2-cart.jpg,
ArmÃ¡rio AÃ©reo Iluminata 2 PT Branco 80 cm,"['#fefdfd', '#958469', '#e2ddda', '#d1c1b0', '#dad5d3']","['white', 'gray', 'gainsboro', 'silver', 'lightgray']",https://static.mobly.com.br/p/GENIALFLEX-ArmC3A1rio-AC3A9reo-Iluminata-2-PT-Branco-80-cm-0339-1469301-2-cart.jpg,
BalcÃ£o de Cozinha com Tampo Omega 2 PT 1 GV FreijÃ³ e Grafite,"['#aca1a1', '#1e1c20', '#8e7c72', '#d9d4d9', '#654a2f']","['darkgray', 'black', 'gray', 'lightgray', 'darkolivegreen']",https://static.mobly.com.br/p/Arte-MC3B3veis-BalcC3A3o-de-Cozinha-com-Tampo-Omega-2-PT-1-GV-FreijC3B3-e-Grafite-2843-6658411-2-cart.jpg,Balcao de Cozinha
BalcÃ£o de Cozinha Evidence 2 PT Branco,"['#fdfdfd', '#6e6d69', '#cfcecc', '#373633', '#a09f9b']","['white', 'dimgray', 'lightgray', 'darkslategray', 'darkgray']",https://static.mobly.com.br/p/Poliman-BalcC3A3o-de-Cozinha-Evidence-2-PT-Branco-0727-109429-2-cart.jpg,Balcao de Cozinha
Bancada SiriÃº Retangular FreijÃ³ e Preta,"['#fdfdfd', '#988165', '#e1dfdc', '#524d47', '#b6b0aa']","['white', 'gray', 'gainsboro', 'darkslategray', 'darkgray']",https://static.mobly.com.br/p/Crome-Bancada-SiriC3BA-Retangular-FreijC3B3-e-Preta-4796-000728-2-cart.jpg,
ArmÃ¡rio AÃ©reo Evolution III 1 PT Tannah e Branco,"['#fefefd', '#524235', '#958476', '#6f635b', '#d7cfc9']","['white', 'darkolivegreen', 'gray', 'dimgray', 'lightgray']",https://static.mobly.com.br/p/BATROL-ArmC3A1rio-AC3A9reo-Evolution-III-1-PT-Tannah-e-Branco-3480-023016-2-cart.jpg,
ArmÃ¡rio AÃ©reo Evidence 1 PT Branco 40 cm,"['#d5d3cf', '#4c4946', '#93908a', '#b8b6b2', '#e9e8e7']","['lightgray', 'darkslategray', 'gray', 'silver', 'linen']",https://static.mobly.com.br/p/Poliman-ArmC3A1rio-AC3A9reo-Evidence-1-PT-Branco-40-cm-5525-1479401-2-cart.jpg,
ArmÃ¡rio AÃ©reo com Espelho Chardonnay 3 PT Castanho e Branco,"['#a38d70', '#f2eeeb', '#d2cac0', '#e0dad4', '#c6b498']","['rosybrown', 'linen', 'silver', 'gainsboro', 'tan']",https://static.mobly.com.br/p/Ronipa-ArmC3A1rio-AC3A9reo-com-Espelho-Chardonnay-3-PT-Castanho-e-Branco-1798-566637-2-cart.jpg,
BalcÃ£o de Cozinha com Tampo Top Class 2 PT Branco,"['#fcfcfd', '#282523', '#5a5958', '#cfd1d1', '#9c9c9a']","['white', 'darkslategray', 'dimgray', 'lightgray', 'darkgray']",https://static.mobly.com.br/p/BATROL-BalcC3A3o-de-Cozinha-com-Tampo-Top-Class-2-PT-Branco-0729-6275601-2-cart.jpg,Balcao de Cozinha
ArmÃ¡rio de Cozinha Completa 270cm Rustic/Crema Agata Madesa 03,"['#8d7f6a', '#fbfaf8', '#312820', '#b2a597', '#5f5347']","['gray', 'snow', 'darkslategray', 'darkgray', 'darkolivegreen']",https://static.mobly.com.br/p/Madesa-ArmC3A1rio-de-Cozinha-Completa-270cm-Rustic2FCrema-Agata-Madesa-03-4690-0877311-2-cart.jpg,Cozinha completa
Fruteira Cris Branca Artefarmol,"['#373931', '#b5b49c', '#dadcc8', '#9d8a67', '#535755']","['darkslategray', 'darkgray', 'lightgray', 'gray', 'dimgray']",https://static.mobly.com.br/p/Modern-Fruteira-Cris-Branca-Artefarmol-8175-961004-2-cart.jpg,
Paneleiro Iluminata para Forno 2 PT 1 GV Branco e Ãbano,"['#fefefe', '#31180d', '#bdb4ae', '#806c60', '#e3ded9']","['white', 'black', 'silver', 'dimgray', 'gainsboro']",https://static.mobly.com.br/p/GENIALFLEX-Paneleiro-Iluminata-para-Forno-2-PT-1-GV-Branco-e-C389bano-8181-3449401-2-cart.jpg,Paneleiro
BalcÃ£o de Cozinha Frow 2 PT FreijÃ³ e Off White,"['#886e52', '#fbfbf9', '#5f4a36', '#2c2520', '#a9a39a']","['dimgray', 'snow', 'darkolivegreen', 'darkslategray', 'darkgray']",https://static.mobly.com.br/p/Kappesberg-BalcC3A3o-de-Cozinha-Frow-2-PT-FreijC3B3-e-Off-White-1695-549147-2-cart.jpg,Balcao de Cozinha
Cozinha Completa Madesa Reims 310001 com ArmÃ¡rio e BalcÃ£o - Branco,"['#e1dcd6', '#8d8170', '#fdfdfc', '#baae98', '#5a5043']","['gainsboro', 'gray', 'white', 'darkgray', 'darkolivegreen']",https://static.mobly.com.br/p/Madesa-Cozinha-Completa-Madesa-Reims-310001-com-ArmC3A1rio-e-BalcC3A3o---Branco-8695-653867-2-cart.jpg,Cozinha completa
ArmÃ¡rio AÃ©reo Cook 2 PT Aveiro e Branco 70 cm,"['#fefefe', '#9c958c', '#e3e3e2', '#c0c0c0', '#78796f']","['white', 'rosybrown', 'gainsboro', 'silver', 'gray']",https://static.mobly.com.br/p/BE-MobiliC3A1rio-Inteligente-ArmC3A1rio-AC3A9reo-Cook-2-PT-Aveiro-e-Branco-70-cm-5152-818926-2-cart.jpg,
ArmÃ¡rio AÃ©reo Maxxi 1 PT Branco 40 cm,"['#e3ddd8', '#9a8f84', '#fefdfd', '#c1bab3', '#766b61']","['gainsboro', 'gray', 'white', 'silver', 'dimgray']",https://static.mobly.com.br/p/Kappesberg-ArmC3A1rio-AC3A9reo-Maxxi-1-PT-Branco-40-cm-2215-017789-2-cart.jpg,
Cozinha Compacta Malu 9 PT 2 GV Manchester e Grafite,"['#44403e', '#fefefd', '#806859', '#d8d1ca', '#a59f98']","['darkslategray', 'white', 'dimgray', 'lightgray', 'darkgray']",https://static.mobly.com.br/p/Fellicci-Moveis-Cozinha-Compacta-Malu-9-PT-2-GV-Manchester-e-Grafite-9562-5462501-2-cart.jpg,Conjunto Cozinha
ArmÃ¡rio AÃ©reo Cook l 3 PT Aveiro e Madeira 120 cm,"['#bfbab4', '#8e775c', '#dad8d7', '#fefefe', '#9b8d7b']","['silver', 'gray', 'gainsboro', 'white', 'gray']",https://static.mobly.com.br/p/BE-MobiliC3A1rio-Inteligente-ArmC3A1rio-AC3A9reo-Cook-l-3-PT-Aveiro-e-Madeira-120-cm-5627-238926-2-cart.jpg,
Conjunto Sala de Jantar Madesa Havana Mesa Tampo de Madeira com 4 Cadeiras - Preto/Rustic,"['#524941', '#fdfdfc', '#18130f', '#c1bcb6', '#83786d']","['darkslategray', 'white', 'black', 'silver', 'gray']",https://static.mobly.com.br/p/Madesa-Conjunto-Sala-de-Jantar-Madesa-Havana-Mesa-Tampo-de-Madeira-com-4-Cadeiras---Preto2FRustic-6735-762938-2-cart.jpg,
BalcÃ£o de Cozinha com Tampo Top Class Tannat,"['#a8a6a5', '#533f2f', '#fdfdfd', '#20150e', '#82796e']","['darkgray', 'darkolivegreen', 'white', 'black', 'gray']",https://static.mobly.com.br/p/BATROL-BalcC3A3o-de-Cozinha-com-Tampo-Top-Class-Tannat-5073-8090211-2-cart.jpg,Balcao de Cozinha
Cozinha Compacta Atena 6 PT 1 GV Preto Onix ,"['#fdfdfd', '#100f0e', '#55555c', '#a5a6a6', '#3b3b40']","['white', 'black', 'dimgray', 'darkgray', 'darkslategray']",https://static.mobly.com.br/p/Gralar-Cozinha-Compacta-Atena-6-PT-1-GV-Preto-OnixC2A0-9401-7896411-2-cart.jpg,Conjunto Cozinha
Tampo para BalcÃ£o de Cozinha Evidence Ãnix 80 cm,"['#fefefe', '#1c1c1f', '#9d9d9e', '#5b5b5c', '#dddddd']","['white', 'black', 'darkgray', 'dimgray', 'gainsboro']",https://static.mobly.com.br/p/Poliman-Tampo-para-BalcC3A3o-de-Cozinha-Evidence-C394nix-80-cm-8828-409429-2-cart.jpg,Balcao de Cozinha
Nicho para Micro-ondas Space Grafite,"['#c5c5c2', '#453d37', '#9f9d9a', '#7a6351', '#0d0909']","['silver', 'darkslategray', 'darkgray', 'dimgray', 'black']",https://static.mobly.com.br/p/Poliman-Nicho-para-Micro-ondas-Space-Grafite-5421-4679401-2-cart.jpg,
Balcao Para Pia 3 Portas 2 Gavetas 120CM 17023 Oak Grafite PLN,"['#4d4b48', '#e9e8e7', '#9b9792', '#c1bfbc', '#767069']","['darkslategray', 'linen', 'darkgray', 'silver', 'dimgray']",https://static.mobly.com.br/p/Poliman-Balcao-Para-Pia-3-Portas-2-Gavetas-120CM-17023-Oak-Grafite-PLN-0066-5221611-2-cart.jpg,
BalcÃ£o de Cozinha Multipla com Tampo 3 PT 2 GV Branco,"['#fdfdfd', '#c4c4c4', '#a1a1a1', '#e3e3e3', '#6a6a6a']","['white', 'silver', 'darkgray', 'gainsboro', 'dimgray']",https://static.mobly.com.br/p/Bertolini-BalcC3A3o-de-Cozinha-Multipla-com-Tampo-3-PT-2-GV-Branco-8175-871155-2-cart.jpg,Balcao de Cozinha
Balcao Com Tampo 120CM 17023x17508 Oak Grafite PLN,"['#777067', '#ecebea', '#4d4a47', '#9d9993', '#c4c2bf']","['dimgray', 'linen', 'darkslategray', 'darkgray', 'silver']",https://static.mobly.com.br/p/Poliman-Balcao-Com-Tampo-120CM-17023x17508-Oak-Grafite-PLN-0101-1321611-2-cart.jpg,
ArmÃ¡rio AÃ©reo Confort 1 PT Cinamomo e FumÃª 80 cm,"['#fefefd', '#4b3823', '#978269', '#cec3b5', '#604b34']","['white', 'darkolivegreen', 'gray', 'silver', 'darkolivegreen']",https://static.mobly.com.br/p/BATROL-ArmC3A1rio-AC3A9reo-Confort-1-PT-Cinamomo-e-FumC3AA-80-cm-1445-0560701-2-cart.jpg,
ArmÃ¡rio de Cozinha Completa Madesa Reims 260001 com BalcÃ£o e Tampo - Preto/Rustic,"['#9b846f', '#fcfbfa', '#2c221d', '#d1b693', '#605046']","['gray', 'snow', 'black', 'tan', 'darkolivegreen']",https://static.mobly.com.br/p/Madesa-ArmC3A1rio-de-Cozinha-Completa-Madesa-Reims-260001-com-BalcC3A3o-e-Tampo---Preto2FRustic-2408-611339-2-cart.jpg,Cozinha completa
BalcÃ£o de Cozinha sem Tampo Souza 2 PT 3 GV Branco,"['#adadaa', '#cfcfce', '#6c6760', '#161615', '#8d8984']","['darkgray', 'lightgray', 'dimgray', 'black', 'gray']",https://static.mobly.com.br/p/EvidC3AAncia-BalcC3A3o-de-Cozinha-sem-Tampo-Souza-2-PT-3-GV-Branco-4918-306371-2-cart.jpg,Balcao de Cozinha
Bancada gourmet ilha cozinha DitÃ¡lia 2 Prat. Cinza CD-1019,"['#f9f9f7', '#aca298', '#58514a', '#d0c9c4', '#827b75']","['whitesmoke', 'darkgray', 'darkolivegreen', 'lightgray', 'gray']",https://static.mobly.com.br/p/DitC3A1lia-Bancada-gourmet-ilha-cozinha-DitC3A1lia-2-Prat.-Cinza-CD-1019-6264-1463801-2-cart.jpg,
Cozinha Compacta Com Balcao 240CM 10027x17036 Oak Grafite PLN,"['#3e3c3a', '#d3cfc9', '#6f6b65', '#a4a098', '#fcfcfa']","['darkslategray', 'lightgray', 'dimgray', 'darkgray', 'snow']",https://static.mobly.com.br/p/Poliman-Cozinha-Compacta-Com-Balcao-240CM-10027x17036-Oak-Grafite-PLN-2310-3521611-2-cart.jpg,Conjunto Cozinha
Cozinha Compacta Com Balcao Para Pia 10027x17037 Oak Off White PLN,"['#37332e', '#c9c5c0', '#746f66', '#a39e97', '#f4f2ef']","['darkslategray', 'silver', 'dimgray', 'darkgray', 'whitesmoke']",https://static.mobly.com.br/p/Poliman-Cozinha-Compacta-Com-Balcao-Para-Pia-10027x17037-Oak-Off-White-PLN-2436-9521611-2-cart.jpg,Conjunto Cozinha
ArmÃ¡rio de Cozinha Completa 325cm Rustic Emilly Madesa 02,"['#fdfdfb', '#7d6248', '#beb6ab', '#3d332a', '#8c7b69']","['snow', 'dimgray', 'silver', 'darkslategray', 'gray']",https://static.mobly.com.br/p/Madesa-ArmC3A1rio-de-Cozinha-Completa-325cm-Rustic-Emilly-Madesa-02-0693-7990701-2-cart.jpg,Cozinha completa
ArmÃ¡rio de Cozinha Completa Madesa Emilly Dance com BalcÃ£o e AÃ©reo Vidro Reflex - Rustic/Preto,"['#fcfcfa', '#665141', '#ccb498', '#2a2826', '#a38365']","['snow', 'darkolivegreen', 'tan', 'darkslategray', 'gray']",https://static.mobly.com.br/p/Madesa-ArmC3A1rio-de-Cozinha-Completa-Madesa-Emilly-Dance-com-BalcC3A3o-e-AC3A9reo-Vidro-Reflex---Rustic2FPreto-9839-311339-2-cart.jpg,Cozinha completa
BalcÃ£o de Cozinha Evidence 3 PT 2 GV Branco,"['#e3e3e2', '#a8a9a7', '#fefefe', '#808080', '#c3c4c1']","['gainsboro', 'darkgray', 'white', 'gray', 'silver']",https://static.mobly.com.br/p/Poliman-BalcC3A3o-de-Cozinha-Evidence-3-PT-2-GV-Branco-0744-898429-2-cart.jpg,Balcao de Cozinha
Cozinha Completa Atena 10 PT 1 GV Preto Onix,"['#45454a', '#fdfdfd', '#131314', '#737376', '#c7c7c7']","['darkslategray', 'white', 'black', 'dimgray', 'silver']",https://static.mobly.com.br/p/Gralar-Cozinha-Completa-Atena-10-PT-1-GV-Preto-Onix-9438-3896411-2-cart.jpg,Cozinha completa
