Nome,imagem,CodigoRgb,NomesCor,tipo
Cozinha Compacta Iluminata 8 PT 4 GV Branca e Ãbano,https://static.mobly.com.br/p/GENIALFLEX-Cozinha-Compacta-Iluminata-8-PT-4-GV-Branca-e-C389bano-6321-2963011-1-cart.jpg,"[[125, 113, 101], [206, 201, 195], [40, 36, 29], [177, 168, 160], [82, 75, 67]]","['Cor Desconhecida', 'Cor Desconhecida', 'Cor Desconhecida', 'Cor Desconhecida', 'Cor Desconhecida']",Conjunto Cozinha
ArmÃ¡rio AÃ©reo Canelone com Vidro 3 PT Preto,https://static.mobly.com.br/p/Politorno-ArmC3A1rio-AC3A9reo-Canelone-com-Vidro-3-PT-Preto-5823-1819211-1-cart.jpg,"[[254, 254, 254], [67, 68, 66], [30, 31, 30], [176, 176, 176], [85, 86, 84]]","['Cor Desconhecida', 'Cor Desconhecida', 'Cor Desconhecida', 'Cor Desconhecida', 'Cor Desconhecida']",Outro
ArmÃ¡rio AÃ©reo Evidence 3 PT Branco 120 cm,https://static.mobly.com.br/p/Poliman-ArmC3A1rio-AC3A9reo-Evidence-3-PT-Branco-120-cm-0703-609429-1-cart.jpg,"[[254, 254, 254], [178, 178, 178], [231, 231, 231], [200, 200, 200], [237, 237, 237]]","['Cor Desconhecida', 'Cor Desconhecida', 'Cor Desconhecida', 'Cor Desconhecida', 'Cor Desconhecida']",Outro
BalcÃ£o de Cozinha Iluminata 2 PT Mint 80 cm,https://static.mobly.com.br/p/GENIALFLEX-BalcC3A3o-de-Cozinha-Iluminata-2-PT-Mint-80-cm-6017-8369301-1-cart.jpg,"[[253, 253, 251], [183, 174, 163], [229, 113, 69], [202, 202, 194], [125, 117, 107]]","['Cor Desconhecida', 'Cor Desconhecida', 'Cor Desconhecida', 'Cor Desconhecida', 'Cor Desconhecida']",Outro
Paneleiro Maxxi 2 PT Branco,https://static.mobly.com.br/p/Kappesberg-Paneleiro-Maxxi-2-PT-Branco-2231-707789-1-cart.jpg,"[[240, 239, 239], [200, 199, 199], [254, 254, 254], [223, 222, 222], [125, 122, 116]]","['Cor Desconhecida', 'Cor Desconhecida', 'Cor Desconhecida', 'Cor Desconhecida', 'Cor Desconhecida']",Paneleiro
Paneleiro Firenze 4 PT Avena,https://static.mobly.com.br/p/DemC3B3bile-Paneleiro-Firenze-4-PT-Avena-2719-0542001-1-cart.jpg,"[[254, 254, 253], [186, 164, 147], [68, 59, 51], [128, 113, 100], [206, 194, 183]]","['Cor Desconhecida', 'Cor Desconhecida', 'Cor Desconhecida', 'Cor Desconhecida', 'Cor Desconhecida']",Paneleiro
BalcÃ£o de Cozinha Bruges com Tampo 2 PT 3 GV FreijÃ³ e Off White,https://static.mobly.com.br/p/Kappesberg-BalcC3A3o-de-Cozinha-Bruges-com-Tampo-2-PT-3-GV-FreijC3B3-e-Off-White-5239-098188-1-cart.jpg,"[[254, 254, 253], [135, 106, 76], [236, 234, 221], [159, 131, 100], [186, 178, 166]]","['Cor Desconhecida', 'Cor Desconhecida', 'Cor Desconhecida', 'Cor Desconhecida', 'Cor Desconhecida']",Outro
ArmÃ¡rio AÃ©reo Botanic 2 PT Nogueira 80 cm,https://static.mobly.com.br/p/Kappesberg-ArmC3A1rio-AC3A9reo-Botanic-2-PT-Nogueira-80-cm-3793-827599-1-cart.jpg,"[[235, 227, 214], [132, 104, 69], [180, 165, 147], [254, 254, 253], [144, 115, 79]]","['Cor Desconhecida', 'Cor Desconhecida', 'Cor Desconhecida', 'Cor Desconhecida', 'Cor Desconhecida']",Outro
BalcÃ£o de Cozinha com Tampo CarmÃ©nere 3 PT 2 GV Marrom e Branco,https://static.mobly.com.br/p/Ronipa-BalcC3A3o-de-Cozinha-com-Tampo-CarmC3A9nere-3-PT-2-GV-Marrom-e-Branco-0282-307637-1-cart.jpg,"[[254, 254, 254], [188, 183, 180], [238, 239, 239], [216, 215, 214], [164, 142, 131]]","['Cor Desconhecida', 'Cor Desconhecida', 'Cor Desconhecida', 'Cor Desconhecida', 'Cor Desconhecida']",Outro
Cozinha Compacta Dama 7 PT 3 GV Avena e Grafito,https://static.mobly.com.br/p/DemC3B3bile-Cozinha-Compacta-Dama-7-PT-3-GV-Avena-e-Grafito-3934-990999-1-cart.jpg,"[[200, 196, 190], [75, 71, 65], [249, 249, 247], [124, 116, 105], [163, 158, 148]]","['Cor Desconhecida', 'Cor Desconhecida', 'Cor Desconhecida', 'Cor Desconhecida', 'Cor Desconhecida']",Conjunto Cozinha
Cozinha Completa Madesa Reims 310001 com ArmÃ¡rio e BalcÃ£o - Preto,https://static.mobly.com.br/p/Madesa-Cozinha-Completa-Madesa-Reims-310001-com-ArmC3A1rio-e-BalcC3A3o---Preto-1383-764567-1-cart.jpg,"[[77, 62, 47], [125, 108, 83], [210, 191, 162], [167, 148, 123], [46, 36, 28]]","['Cor Desconhecida', 'Cor Desconhecida', 'Cor Desconhecida', 'Cor Desconhecida', 'Cor Desconhecida']",Cozinha completa
BalcÃ£o de Cozinha com Tampo Confort 1 PT Grafite e Branco,https://static.mobly.com.br/p/BATROL-BalcC3A3o-de-Cozinha-com-Tampo-Confort-1-PT-Grafite-e-Branco-3438-070879-1-cart.jpg,"[[254, 254, 254], [66, 68, 71], [174, 175, 176], [222, 222, 222], [127, 128, 129]]","['Cor Desconhecida', 'Cor Desconhecida', 'Cor Desconhecida', 'Cor Desconhecida', 'Cor Desconhecida']",Outro
ArmÃ¡rio AÃ©reo CarmÃ©nere 2 PT Castanho e Chumbo,https://static.mobly.com.br/p/Ronipa-ArmC3A1rio-AC3A9reo-CarmC3A9nere-2-PT-Castanho-e-Chumbo-7151-007637-1-cart.jpg,"[[254, 254, 254], [93, 88, 86], [207, 193, 185], [75, 47, 37], [153, 134, 126]]","['Cor Desconhecida', 'Cor Desconhecida', 'Cor Desconhecida', 'Cor Desconhecida', 'Cor Desconhecida']",Outro
Kit de Cozinha Encanto 7 PT 2 GV Amendola e Branco,https://static.mobly.com.br/p/DemC3B3bile-Kit-de-Cozinha-Encanto-7-PT-2-GV-Amendola-e-Branco-1347-535088-1-cart.jpg,"[[102, 77, 55], [222, 214, 208], [253, 252, 251], [156, 131, 113], [196, 179, 164]]","['Cor Desconhecida', 'Cor Desconhecida', 'Cor Desconhecida', 'Cor Desconhecida', 'Cor Desconhecida']",Outro
ArmÃ¡rio AÃ©reo Canelone com Vidro 2 PT Preto,https://static.mobly.com.br/p/Politorno-ArmC3A1rio-AC3A9reo-Canelone-com-Vidro-2-PT-Preto-5816-2819211-1-cart.jpg,"[[253, 253, 253], [82, 84, 79], [32, 33, 32], [170, 170, 170], [67, 69, 65]]","['Cor Desconhecida', 'Cor Desconhecida', 'Cor Desconhecida', 'Cor Desconhecida', 'Cor Desconhecida']",Outro
ArmÃ¡rio AÃ©reo Bruges Espelhado 2 PT Nogal,https://static.mobly.com.br/p/Kappesberg-ArmC3A1rio-AC3A9reo-Bruges-Espelhado-2-PT-Nogal-5107-778188-1-cart.jpg,"[[110, 94, 75], [254, 254, 253], [200, 192, 175], [139, 128, 110], [188, 179, 160]]","['Cor Desconhecida', 'Cor Desconhecida', 'Cor Desconhecida', 'Cor Desconhecida', 'Cor Desconhecida']",Outro
Cozinha Compacta Merlot 9 PT 1 GV Castanho e Branca,https://static.mobly.com.br/p/Ronipa-Cozinha-Compacta-Merlot-9-PT-1-GV-Castanho-e-Branca-6451-338629-1-cart.jpg,"[[216, 220, 222], [71, 55, 41], [133, 127, 118], [176, 175, 172], [106, 91, 78]]","['Cor Desconhecida', 'Cor Desconhecida', 'Cor Desconhecida', 'Cor Desconhecida', 'Cor Desconhecida']",Conjunto Cozinha
ArmÃ¡rio AÃ©reo Botanic 3 PT Nogueira 120 cm,https://static.mobly.com.br/p/Kappesberg-ArmC3A1rio-AC3A9reo-Botanic-3-PT-Nogueira-120-cm-3910-037599-1-cart.jpg,"[[208, 196, 182], [144, 117, 84], [254, 254, 253], [159, 137, 112], [132, 105, 73]]","['Cor Desconhecida', 'Cor Desconhecida', 'Cor Desconhecida', 'Cor Desconhecida', 'Cor Desconhecida']",Outro
Paneleiro Botanic 2 PT Nogueira e Verde Oliva,https://static.mobly.com.br/p/Kappesberg-Paneleiro-Botanic-2-PT-Nogueira-e-Verde-Oliva-3509-427599-1-cart.jpg,"[[195, 186, 175], [254, 254, 254], [117, 113, 90], [137, 127, 118], [235, 233, 231]]","['Cor Desconhecida', 'Cor Desconhecida', 'Cor Desconhecida', 'Cor Desconhecida', 'Cor Desconhecida']",Paneleiro
BalcÃ£o de Cozinha com Tampo Botanic 2 PT Fendi e Nogueira,https://static.mobly.com.br/p/Kappesberg-BalcC3A3o-de-Cozinha-com-Tampo-Botanic-2-PT-Fendi-e-Nogueira-2468-1684001-1-cart.jpg,"[[150, 134, 121], [254, 254, 253], [124, 100, 73], [185, 172, 159], [234, 226, 216]]","['Cor Desconhecida', 'Cor Desconhecida', 'Cor Desconhecida', 'Cor Desconhecida', 'Cor Desconhecida']",Outro
BalcÃ£o de Cozinha Evolution com Tampo 2 PT Carvalho,https://static.mobly.com.br/p/BATROL-BalcC3A3o-de-Cozinha-Evolution-com-Tampo-2-PT--Carvalho-3466-323016-1-cart.jpg,"[[252, 252, 252], [72, 70, 72], [171, 157, 144], [213, 211, 210], [133, 125, 119]]","['Cor Desconhecida', 'Cor Desconhecida', 'Cor Desconhecida', 'Cor Desconhecida', 'Cor Desconhecida']",Outro
BalcÃ£o de Cozinha com Tampo Vega 3 PT Branco,https://static.mobly.com.br/p/Arte-MC3B3veis-BalcC3A3o-de-Cozinha-com-Tampo-Vega-3-PT-Branco-2936-1558411-1-cart.jpg,"[[162, 160, 163], [253, 253, 253], [211, 211, 215], [114, 114, 111], [62, 61, 59]]","['Cor Desconhecida', 'Cor Desconhecida', 'Cor Desconhecida', 'Cor Desconhecida', 'Cor Desconhecida']",Outro
BalcÃ£o de Cozinha com Tampo Iluminata 2 PT Branco e Ãbano,https://static.mobly.com.br/p/GENIALFLEX-BalcC3A3o-de-Cozinha-com-Tampo-Iluminata-2-PT-Branco-e-C389bano-8626-4601201-1-cart.jpg,"[[238, 237, 236], [142, 116, 96], [254, 254, 253], [102, 72, 50], [199, 187, 177]]","['Cor Desconhecida', 'Cor Desconhecida', 'Cor Desconhecida', 'Cor Desconhecida', 'Cor Desconhecida']",Outro
Conjunto com 2 Cadeiras Varsovia Luxo Veludo Marrom e Imbuia,https://static.mobly.com.br/p/Modern-Conjunto-com-2-Cadeiras-Varsovia-Luxo-Veludo-Marrom-e-Imbuia-1197-2983611-1-cart.jpg,"[[254, 254, 253], [104, 86, 73], [159, 147, 137], [77, 56, 43], [213, 204, 195]]","['Cor Desconhecida', 'Cor Desconhecida', 'Cor Desconhecida', 'Cor Desconhecida', 'Cor Desconhecida']",Outro
BalcÃ£o de Cozinha Campinas 4 PT 1 GV Branco,https://static.mobly.com.br/p/Arte-MC3B3veis-BalcC3A3o-de-Cozinha-Campinas-4-PT-1-GV-Branco-4800-9951301-1-cart.jpg,"[[210, 210, 210], [254, 254, 254], [174, 174, 174], [219, 218, 218], [196, 195, 196]]","['Cor Desconhecida', 'Cor Desconhecida', 'Cor Desconhecida', 'Cor Desconhecida', 'Cor Desconhecida']",Outro
Conjunto com 4 Cadeiras Atenas Suede Animalle Chocolate e Capuccino,https://static.mobly.com.br/p/Modern-Conjunto-com-4-Cadeiras-Atenas-Suede-Animalle-Chocolate-e-Capuccino-1194-3983611-1-cart.jpg,"[[180, 163, 147], [254, 253, 252], [107, 83, 62], [148, 126, 106], [222, 211, 198]]","['Cor Desconhecida', 'Cor Desconhecida', 'Cor Desconhecida', 'Cor Desconhecida', 'Cor Desconhecida']",Outro
Paneleiro Maxxi 1 PT 3 GV Branco,https://static.mobly.com.br/p/Kappesberg-Paneleiro-Maxxi-1-PT-3-GV-Branco-2225-807789-1-cart.jpg,"[[254, 254, 254], [201, 200, 199], [221, 218, 218], [156, 152, 149], [238, 237, 237]]","['Cor Desconhecida', 'Cor Desconhecida', 'Cor Desconhecida', 'Cor Desconhecida', 'Cor Desconhecida']",Paneleiro
Conjunto com 4 Cadeiras Atenas Suede Amassado Chocolate e Capuccino,https://static.mobly.com.br/p/Modern-Conjunto-com-4-Cadeiras-Atenas-Suede-Amassado-Chocolate-e-Capuccino-1191-4983611-1-cart.jpg,"[[254, 254, 252], [166, 152, 135], [117, 101, 84], [229, 221, 210], [193, 181, 166]]","['Cor Desconhecida', 'Cor Desconhecida', 'Cor Desconhecida', 'Cor Desconhecida', 'Cor Desconhecida']",Outro
Tampo para BalcÃ£o Nox Orion 80 cm,https://static.mobly.com.br/p/Kappesberg-Tampo-para-BalcC3A3o-Nox-Orion-80-cm-1446-986119-1-cart.jpg,"[[254, 254, 254], [212, 206, 194], [241, 239, 235], [223, 219, 212], [190, 187, 179]]","['Cor Desconhecida', 'Cor Desconhecida', 'Cor Desconhecida', 'Cor Desconhecida', 'Cor Desconhecida']",Outro
Conjunto com 4 Cadeiras Aurora Veludo PÃ©rola e Capuccino,https://static.mobly.com.br/p/Modern-Conjunto-com-4-Cadeiras-Aurora-Veludo-PC3A9rola-e-Capuccino-1263-5983611-1-cart.jpg,"[[198, 182, 168], [254, 253, 252], [238, 231, 222], [153, 132, 116], [218, 206, 194]]","['Cor Desconhecida', 'Cor Desconhecida', 'Cor Desconhecida', 'Cor Desconhecida', 'Cor Desconhecida']",Outro
BalcÃ£o de Cozinha Nox 2 PT Ãnix e Steel 80 cm,https://static.mobly.com.br/p/Kappesberg-BalcC3A3o-de-Cozinha-Nox-2-PT-C394nix-e-Steel-80-cm-1526-766119-1-cart.jpg,"[[253, 253, 252], [65, 60, 53], [206, 206, 205], [105, 102, 97], [159, 156, 152]]","['Cor Desconhecida', 'Cor Desconhecida', 'Cor Desconhecida', 'Cor Desconhecida', 'Cor Desconhecida']",Outro
Bancada Americana Affara,https://static.mobly.com.br/p/Plata-Bancada-Americana-Affara-7394-4936611-1-cart.jpg,"[[98, 83, 70], [254, 254, 253], [60, 49, 39], [193, 188, 183], [133, 124, 116]]","['Cor Desconhecida', 'Cor Desconhecida', 'Cor Desconhecida', 'Cor Desconhecida', 'Cor Desconhecida']",Outro
Paneleiro Iluminata com Vidro 1 PT 1 GV Verde Mint e Ãbano,https://static.mobly.com.br/p/GENIALFLEX-Paneleiro-Iluminata-com-Vidro-1-PT-1-GV-Verde-Mint-e-C389bano-8176-4449401-1-cart.jpg,"[[254, 254, 253], [106, 109, 97], [172, 172, 162], [35, 25, 20], [205, 206, 198]]","['Cor Desconhecida', 'Cor Desconhecida', 'Cor Desconhecida', 'Cor Desconhecida', 'Cor Desconhecida']",Paneleiro
BalcÃ£o de Cozinha com Tampo Botanic 2 PT 3 GV Verde Oliva e Nogueira,https://static.mobly.com.br/p/Kappesberg-BalcC3A3o-de-Cozinha-com-Tampo-Botanic-2-PT-3-GV-Verde-Oliva-e-Nogueira-2450-4684001-1-cart.jpg,"[[121, 99, 72], [253, 253, 252], [108, 124, 99], [206, 198, 184], [149, 135, 111]]","['Cor Desconhecida', 'Cor Desconhecida', 'Cor Desconhecida', 'Cor Desconhecida', 'Cor Desconhecida']",Outro
BalcÃ£o de Cozinha com Tampo Chardonnay 3 PT 2 GV Castanho e Branco,https://static.mobly.com.br/p/Ronipa-BalcC3A3o-de-Cozinha-com-Tampo-Chardonnay-3-PT-2-GV-Castanho-e-Branco-8933-766637-1-cart.jpg,"[[161, 130, 105], [251, 252, 250], [44, 42, 28], [206, 180, 161], [95, 83, 64]]","['Cor Desconhecida', 'Cor Desconhecida', 'Cor Desconhecida', 'Cor Desconhecida', 'Cor Desconhecida']",Outro
Conjunto com 2 Cadeiras Amanda Veludo Bege e Imbuia,https://static.mobly.com.br/p/Modern-Conjunto-com-2-Cadeiras-Amanda-Veludo-Bege-e-Imbuia-6654-8319611-1-cart.jpg,"[[153, 127, 113], [253, 253, 252], [108, 86, 68], [181, 156, 143], [224, 214, 205]]","['Cor Desconhecida', 'Cor Desconhecida', 'Cor Desconhecida', 'Cor Desconhecida', 'Cor Desconhecida']",Outro
Conjunto com 2 Cadeiras Amanda Veludo Marrom Claro e Imbuia,https://static.mobly.com.br/p/Modern-Conjunto-com-2-Cadeiras-Amanda-Veludo-Marrom-Claro-e-Imbuia-1425-9319611-1-cart.jpg,"[[102, 80, 61], [253, 253, 251], [144, 118, 96], [223, 212, 201], [174, 151, 131]]","['Cor Desconhecida', 'Cor Desconhecida', 'Cor Desconhecida', 'Cor Desconhecida', 'Cor Desconhecida']",Outro
ArmÃ¡rio AÃ©reo Frow II 2 PT FreijÃ³ e Off White 80 cm,https://static.mobly.com.br/p/Kappesberg-ArmC3A1rio-AC3A9reo-Frow-II-2-PT-FreijC3B3-e-Off-White-80-cm-9921-659147-1-cart.jpg,"[[134, 108, 75], [243, 238, 228], [254, 254, 253], [156, 142, 125], [212, 201, 186]]","['Cor Desconhecida', 'Cor Desconhecida', 'Cor Desconhecida', 'Cor Desconhecida', 'Cor Desconhecida']",Outro
Cozinha Compacta Firenze II 6 PT 2 GV AmÃªndola e Branca,https://static.mobly.com.br/p/DemC3B3bile-Cozinha-Compacta-Firenze-II-6-PT-2-GV-AmC3AAndola-e-Branca-3333-799299-1-cart.jpg,"[[125, 110, 102], [247, 247, 246], [204, 202, 199], [66, 56, 48], [170, 157, 150]]","['Cor Desconhecida', 'Cor Desconhecida', 'Cor Desconhecida', 'Cor Desconhecida', 'Cor Desconhecida']",Conjunto Cozinha
Tampo de Cozinha Atena Teka 120 cm,https://static.mobly.com.br/p/Gralar-Tampo-de-Cozinha-Atena-Teka-120-cm-0475-5336111-1-cart.jpg,"[[254, 254, 254], [128, 108, 81], [173, 160, 142], [223, 214, 200], [115, 92, 60]]","['Cor Desconhecida', 'Cor Desconhecida', 'Cor Desconhecida', 'Cor Desconhecida', 'Cor Desconhecida']",Outro
BalcÃ£o de Cozinha com Tampo Botanic 2 PT 3 GV Fendi e Nogueira,https://static.mobly.com.br/p/Kappesberg-BalcC3A3o-de-Cozinha-com-Tampo-Botanic-2-PT-3-GV-Fendi-e-Nogueira-2455-3684001-1-cart.jpg,"[[253, 253, 252], [140, 119, 94], [150, 137, 122], [122, 96, 71], [203, 191, 178]]","['Cor Desconhecida', 'Cor Desconhecida', 'Cor Desconhecida', 'Cor Desconhecida', 'Cor Desconhecida']",Outro
Paneleiro Conecta 4 PT Ãbano e Branco 80 cm,https://static.mobly.com.br/p/GENIALFLEX-Paneleiro-Conecta-4-PT-C389bano-e-Branco-80-cm-9612-5729211-1-cart.jpg,"[[99, 83, 72], [166, 155, 149], [70, 55, 45], [196, 187, 183], [120, 103, 93]]","['Cor Desconhecida', 'Cor Desconhecida', 'Cor Desconhecida', 'Cor Desconhecida', 'Cor Desconhecida']",Paneleiro
Cozinha Completa Madesa Reims 310001 com ArmÃ¡rio e BalcÃ£o - Preto/Rustic,https://static.mobly.com.br/p/Madesa-Cozinha-Completa-Madesa-Reims-310001-com-ArmC3A1rio-e-BalcC3A3o---Preto2FRustic-9005-172867-1-cart.jpg,"[[77, 65, 50], [177, 154, 121], [130, 112, 83], [211, 191, 160], [47, 39, 32]]","['Cor Desconhecida', 'Cor Desconhecida', 'Cor Desconhecida', 'Cor Desconhecida', 'Cor Desconhecida']",Cozinha completa
ArmÃ¡rio AÃ©reo Chardonnay 3 PT Castanho e Branco,https://static.mobly.com.br/p/Ronipa-ArmC3A1rio-AC3A9reo-Chardonnay-3-PT-Castanho-e-Branco-0864-366637-1-cart.jpg,"[[242, 238, 236], [164, 149, 131], [254, 254, 253], [206, 197, 185], [155, 131, 108]]","['Cor Desconhecida', 'Cor Desconhecida', 'Cor Desconhecida', 'Cor Desconhecida', 'Cor Desconhecida']",Outro
ArmÃ¡rio AÃ©reo Iluminata 1 PT Branco 80 cm,https://static.mobly.com.br/p/GENIALFLEX-ArmC3A1rio-AC3A9reo-Iluminata-1-PT-Branco-80-cm-8226-1349401-1-cart.jpg,"[[254, 254, 254], [229, 228, 226], [142, 118, 100], [176, 155, 138], [217, 204, 191]]","['Cor Desconhecida', 'Cor Desconhecida', 'Cor Desconhecida', 'Cor Desconhecida', 'Cor Desconhecida']",Outro
BalcÃ£o de Cozinha com Tampo Confort 2 PT 4 GV Grafite e Branco,https://static.mobly.com.br/p/BATROL-BalcC3A3o-de-Cozinha-com-Tampo-Confort-2-PT-4-GV-Grafite-e-Branco-3444-860879-1-cart.jpg,"[[254, 254, 253], [135, 135, 136], [177, 177, 177], [73, 73, 74], [216, 216, 217]]","['Cor Desconhecida', 'Cor Desconhecida', 'Cor Desconhecida', 'Cor Desconhecida', 'Cor Desconhecida']",Outro
Fruteira Curitiba 1 GV Preta,https://static.mobly.com.br/p/Arte-MC3B3veis-Fruteira-Curitiba-1-GV-Preta-4681-6951301-1-cart.jpg,"[[200, 196, 191], [53, 42, 38], [254, 254, 254], [119, 108, 96], [13, 12, 10]]","['Cor Desconhecida', 'Cor Desconhecida', 'Cor Desconhecida', 'Cor Desconhecida', 'Cor Desconhecida']",Outro
BalcÃ£o de Cozinha Botanic 2 PT Nogueira e Verde Oliva,https://static.mobly.com.br/p/Kappesberg-BalcC3A3o-de-Cozinha-Botanic-2-PT-Nogueira-e-Verde-Oliva-3184-127599-1-cart.jpg,"[[108, 124, 98], [252, 252, 251], [126, 96, 67], [232, 117, 72], [217, 198, 181]]","['Cor Desconhecida', 'Cor Desconhecida', 'Cor Desconhecida', 'Cor Desconhecida', 'Cor Desconhecida']",Outro
Cozinha Compacta Malbec Prime 12 PT 2 GV Castanho e Chumbo,https://static.mobly.com.br/p/Ronipa-Cozinha-Compacta-Malbec-Prime-12-PT-2-GV-Castanho-e-Chumbo-9005-268367-1-cart.jpg,"[[108, 91, 79], [170, 162, 155], [75, 72, 70], [138, 130, 123], [65, 47, 36]]","['Cor Desconhecida', 'Cor Desconhecida', 'Cor Desconhecida', 'Cor Desconhecida', 'Cor Desconhecida']",Conjunto Cozinha
BalcÃ£o de Cozinha Frow PT FreijÃ³,https://static.mobly.com.br/p/Kappesberg-BalcC3A3o-de-Cozinha-Frow-PT-FreijC3B3-1671-249147-1-cart.jpg,"[[254, 254, 253], [102, 82, 59], [188, 177, 160], [237, 234, 222], [139, 109, 76]]","['Cor Desconhecida', 'Cor Desconhecida', 'Cor Desconhecida', 'Cor Desconhecida', 'Cor Desconhecida']",Outro
ArmÃ¡rio MultiÃºso com Mesa GoiÃ¡s 2 PT Branco,https://static.mobly.com.br/p/Politorno-ArmC3A1rio-MultiC3BAso-com-Mesa-GoiC3A1s-2-PT-Branco-5775-959762-1-cart.jpg,"[[253, 253, 253], [163, 159, 148], [231, 230, 230], [112, 106, 90], [200, 199, 195]]","['Cor Desconhecida', 'Cor Desconhecida', 'Cor Desconhecida', 'Cor Desconhecida', 'Cor Desconhecida']",Outro
BalcÃ£o de Cozinha com Tampo CarmÃ©nere 3 PT 2 GV Castanho e Chumbo,https://static.mobly.com.br/p/Ronipa-BalcC3A3o-de-Cozinha-com-Tampo-CarmC3A9nere-3-PT-2-GV-Castanho-e-Chumbo-7683-207637-1-cart.jpg,"[[215, 176, 154], [84, 84, 83], [254, 254, 253], [132, 127, 123], [221, 211, 205]]","['Cor Desconhecida', 'Cor Desconhecida', 'Cor Desconhecida', 'Cor Desconhecida', 'Cor Desconhecida']",Outro
ArmÃ¡rio para Micro-ondas Asti 1 PT Branco,https://static.mobly.com.br/p/BRV-MC3B3veis-ArmC3A1rio-para-Micro-ondas-Asti-1-PT-Branco-4638-63321-1-cart.jpg,"[[254, 254, 254], [173, 173, 173], [222, 222, 222], [198, 198, 198], [151, 151, 151]]","['Cor Desconhecida', 'Cor Desconhecida', 'Cor Desconhecida', 'Cor Desconhecida', 'Cor Desconhecida']",Outro
BalcÃ£o de Cozinha Bruges com Tampo 1 PT FreijÃ³ e Off White 60 cm,https://static.mobly.com.br/p/Kappesberg-BalcC3A3o-de-Cozinha-Bruges-com-Tampo-1-PT-FreijC3B3-e-Off-White-60-cm-5252-788188-1-cart.jpg,"[[254, 254, 253], [133, 105, 73], [237, 235, 223], [197, 188, 175], [167, 141, 111]]","['Cor Desconhecida', 'Cor Desconhecida', 'Cor Desconhecida', 'Cor Desconhecida', 'Cor Desconhecida']",Outro
BalcÃ£o de Cozinha Iluminata 2 PT 3 GV Branco 120 cm,https://static.mobly.com.br/p/GENIALFLEX-BalcC3A3o-de-Cozinha-Iluminata-2-PT-3-GV-Branco-120-cm-6011-8469301-1-cart.jpg,"[[254, 253, 253], [225, 221, 220], [228, 113, 69], [124, 116, 112], [208, 176, 162]]","['Cor Desconhecida', 'Cor Desconhecida', 'Cor Desconhecida', 'Cor Desconhecida', 'Cor Desconhecida']",Outro
Paneleiro Chardonnay 2 PT Castanho e Branco,https://static.mobly.com.br/p/Ronipa-Paneleiro-Chardonnay-2-PT-Castanho-e-Branco-2086-966637-1-cart.jpg,"[[254, 254, 254], [211, 186, 169], [235, 233, 231], [144, 134, 119], [197, 156, 129]]","['Cor Desconhecida', 'Cor Desconhecida', 'Cor Desconhecida', 'Cor Desconhecida', 'Cor Desconhecida']",Paneleiro
BalcÃ£o de Cozinha com Tampo New 2 PT 1 GV Tannat e Branco,https://static.mobly.com.br/p/BATROL-BalcC3A3o-de-Cozinha-com-Tampo-New-2-PT-1-GV-Tannat-e-Branco-4941-7290211-1-cart.jpg,"[[252, 252, 252], [75, 59, 48], [178, 175, 173], [141, 139, 137], [222, 220, 220]]","['Cor Desconhecida', 'Cor Desconhecida', 'Cor Desconhecida', 'Cor Desconhecida', 'Cor Desconhecida']",Outro
Paneleiro Duplo Forno Firenze 4 PT Avena,https://static.mobly.com.br/p/DemC3B3bile-Paneleiro-Duplo-Forno-Firenze-4-PT-Avena-2746-4442001-1-cart.jpg,"[[210, 198, 186], [191, 167, 146], [53, 48, 43], [254, 254, 253], [129, 115, 103]]","['Cor Desconhecida', 'Cor Desconhecida', 'Cor Desconhecida', 'Cor Desconhecida', 'Cor Desconhecida']",Paneleiro
ArmÃ¡rio AÃ©reo Napoli Prime 1 PT Castanho e Branco,https://static.mobly.com.br/p/Ronipa-ArmC3A1rio-AC3A9reo-Napoli-Prime-1-PT-Castanho-e-Branco-1015-220667-1-cart.jpg,"[[254, 254, 253], [123, 100, 82], [57, 38, 23], [214, 214, 214], [169, 150, 135]]","['Cor Desconhecida', 'Cor Desconhecida', 'Cor Desconhecida', 'Cor Desconhecida', 'Cor Desconhecida']",Outro
Fruteira Curitiba 1 GV Branca,https://static.mobly.com.br/p/Arte-MC3B3veis-Fruteira-Curitiba-1-GV-Branca-4700-3951301-1-cart.jpg,"[[254, 254, 254], [161, 161, 161], [216, 216, 216], [134, 134, 134], [185, 185, 185]]","['Cor Desconhecida', 'Cor Desconhecida', 'Cor Desconhecida', 'Cor Desconhecida', 'Cor Desconhecida']",Outro
ArmÃ¡rio AÃ©reo Botanic com Tela 2 PT Nogueira 80 cm,https://static.mobly.com.br/p/Kappesberg-ArmC3A1rio-AC3A9reo-Botanic-com-Tela-2-PT-Nogueira-80-cm-3861-927599-1-cart.jpg,"[[177, 162, 137], [254, 254, 253], [135, 111, 80], [133, 124, 116], [220, 210, 195]]","['Cor Desconhecida', 'Cor Desconhecida', 'Cor Desconhecida', 'Cor Desconhecida', 'Cor Desconhecida']",Outro
ArmÃ¡rio de Cozinha Simple 1 PT Branco,https://static.mobly.com.br/p/Mobly-ArmC3A1rio-de-Cozinha-Simple-1-PT-Branco-3344-164699-1-cart.jpg,"[[254, 254, 254], [226, 226, 226], [214, 214, 214], [242, 242, 242], [222, 222, 222]]","['Cor Desconhecida', 'Cor Desconhecida', 'Cor Desconhecida', 'Cor Desconhecida', 'Cor Desconhecida']",Outro
Paneleiro Nox 2 PT Ãnix e Steel,https://static.mobly.com.br/p/Kappesberg-Paneleiro-Nox-2-PT-C394nix-e-Steel-1505-276119-1-cart.jpg,"[[254, 254, 254], [65, 62, 56], [212, 211, 212], [124, 122, 117], [190, 188, 187]]","['Cor Desconhecida', 'Cor Desconhecida', 'Cor Desconhecida', 'Cor Desconhecida', 'Cor Desconhecida']",Paneleiro
BalcÃ£o de Cozinha Cheff Master com Tampo 2 PT Tannah e Branco,https://static.mobly.com.br/p/BATROL-BalcC3A3o-de-Cozinha-Cheff-Master-com-Tampo-2-PT--Tannah-e-Branco-5391-243016-1-cart.jpg,"[[254, 254, 254], [155, 151, 148], [110, 90, 76], [224, 224, 224], [197, 196, 196]]","['Cor Desconhecida', 'Cor Desconhecida', 'Cor Desconhecida', 'Cor Desconhecida', 'Cor Desconhecida']",Outro
Paneleiro Napoli Prime 4 PT Castanho e Chumbo,https://static.mobly.com.br/p/Ronipa-Paneleiro-Napoli-Prime-4-PT-Castanho-e-Chumbo-4385-757489-1-cart.jpg,"[[254, 254, 254], [114, 108, 105], [135, 133, 133], [238, 235, 230], [181, 181, 180]]","['Cor Desconhecida', 'Cor Desconhecida', 'Cor Desconhecida', 'Cor Desconhecida', 'Cor Desconhecida']",Paneleiro
ArmÃ¡rio AÃ©reo Max 1 PT Branco,https://static.mobly.com.br/p/Arte-MC3B3veis-ArmC3A1rio-AC3A9reo-Max-1-PT-Branco-2916-4558411-1-cart.jpg,"[[229, 232, 237], [136, 130, 133], [254, 254, 254], [59, 65, 78], [189, 191, 199]]","['Cor Desconhecida', 'Cor Desconhecida', 'Cor Desconhecida', 'Cor Desconhecida', 'Cor Desconhecida']",Outro
ArmÃ¡rio AÃ©reo Max 1 PT Branco e Preto,https://static.mobly.com.br/p/Arte-MC3B3veis-ArmC3A1rio-AC3A9reo-Max-1-PT-Branco-e-Preto-2910-5558411-1-cart.jpg,"[[253, 253, 253], [3, 2, 3], [157, 136, 124], [184, 178, 175], [110, 81, 63]]","['Cor Desconhecida', 'Cor Desconhecida', 'Cor Desconhecida', 'Cor Desconhecida', 'Cor Desconhecida']",Outro
BalcÃ£o para Micro-Ondas com Fruteira Adriana 1 PT Branco,https://static.mobly.com.br/p/Genial-Flex-BalcC3A3o-para-Micro-Ondas-com-Fruteira-Adriana-1-PT-Branco-5161-235506-1-cart.jpg,"[[254, 254, 254], [217, 217, 217], [236, 236, 236], [227, 227, 227], [205, 205, 205]]","['Cor Desconhecida', 'Cor Desconhecida', 'Cor Desconhecida', 'Cor Desconhecida', 'Cor Desconhecida']",Outro
ArmÃ¡rio AÃ©reo Max 1 PT FreijÃ³ e Branco,https://static.mobly.com.br/p/Arte-MC3B3veis-ArmC3A1rio-AC3A9reo-Max-1-PT-FreijC3B3-e-Branco-2897-7558411-1-cart.jpg,"[[202, 202, 210], [41, 17, 8], [254, 254, 253], [135, 113, 100], [93, 55, 32]]","['Cor Desconhecida', 'Cor Desconhecida', 'Cor Desconhecida', 'Cor Desconhecida', 'Cor Desconhecida']",Outro
Paneleiro Chardonnay 4 PT Castanho e Chumbo,https://static.mobly.com.br/p/Ronipa-Paneleiro-Chardonnay-4-PT-Castanho-e-Chumbo-9647-6079301-1-cart.jpg,"[[254, 254, 254], [127, 98, 73], [69, 45, 25], [199, 191, 181], [78, 74, 71]]","['Cor Desconhecida', 'Cor Desconhecida', 'Cor Desconhecida', 'Cor Desconhecida', 'Cor Desconhecida']",Paneleiro
ArmÃ¡rio AÃ©reo Max 1 PT FreijÃ³ e Grafite,https://static.mobly.com.br/p/Arte-MC3B3veis-ArmC3A1rio-AC3A9reo-Max-1-PT-FreijC3B3-e-Grafite-2891-8558411-1-cart.jpg,"[[254, 254, 253], [31, 26, 25], [188, 172, 157], [117, 98, 85], [85, 50, 29]]","['Cor Desconhecida', 'Cor Desconhecida', 'Cor Desconhecida', 'Cor Desconhecida', 'Cor Desconhecida']",Outro
BalcÃ£o de Cozinha com Tampo Evidence 1 PT Branco 40 cm,https://static.mobly.com.br/p/Poliman-BalcC3A3o-de-Cozinha-com-Tampo-Evidence-1-PT-Branco-40-cm-5532-9379401-1-cart.jpg,"[[111, 111, 111], [254, 254, 254], [231, 231, 231], [41, 41, 41], [183, 183, 183]]","['Cor Desconhecida', 'Cor Desconhecida', 'Cor Desconhecida', 'Cor Desconhecida', 'Cor Desconhecida']",Outro
ArmÃ¡rio AÃ©reo Max 1 PT Preto,https://static.mobly.com.br/p/Arte-MC3B3veis-ArmC3A1rio-AC3A9reo-Max-1-PT-Preto-2885-9558411-1-cart.jpg,"[[90, 86, 84], [254, 254, 253], [12, 9, 8], [42, 42, 41], [147, 145, 144]]","['Cor Desconhecida', 'Cor Desconhecida', 'Cor Desconhecida', 'Cor Desconhecida', 'Cor Desconhecida']",Outro
Cozinha Compacta Vini 2 PT Preta,https://static.mobly.com.br/p/Patrimar-Cozinha-Compacta-Vini-2-PT-Preta-3315-130866-1-cart.jpg,"[[32, 30, 30], [194, 194, 191], [91, 90, 85], [226, 226, 224], [141, 139, 133]]","['Cor Desconhecida', 'Cor Desconhecida', 'Cor Desconhecida', 'Cor Desconhecida', 'Cor Desconhecida']",Conjunto Cozinha
Fruteira ParanÃ¡ com Cestos 1 PT Branca,https://static.mobly.com.br/p/Arte-MC3B3veis-Fruteira-ParanC3A1-com-Cestos-1-PT-Branca-2880-0658411-1-cart.jpg,"[[137, 136, 135], [254, 254, 254], [186, 186, 186], [68, 64, 58], [208, 208, 207]]","['Cor Desconhecida', 'Cor Desconhecida', 'Cor Desconhecida', 'Cor Desconhecida', 'Cor Desconhecida']",Outro
Fruteira ParanÃ¡ com Cestos 1 PT Branca e Preta,https://static.mobly.com.br/p/Arte-MC3B3veis-Fruteira-ParanC3A1-com-Cestos-1-PT-Branca-e-Preta-2872-1658411-1-cart.jpg,"[[254, 254, 254], [130, 130, 130], [187, 187, 187], [57, 57, 57], [208, 208, 208]]","['Cor Desconhecida', 'Cor Desconhecida', 'Cor Desconhecida', 'Cor Desconhecida', 'Cor Desconhecida']",Outro
Paneleiro Napoli Prime 4 PT Castanho e Branco,https://static.mobly.com.br/p/Ronipa-Paneleiro-Napoli-Prime-4-PT-Castanho-e-Branco-0352-217637-1-cart.jpg,"[[254, 254, 254], [160, 148, 136], [215, 216, 215], [194, 188, 181], [119, 100, 85]]","['Cor Desconhecida', 'Cor Desconhecida', 'Cor Desconhecida', 'Cor Desconhecida', 'Cor Desconhecida']",Paneleiro
Fruteira ParanÃ¡ com Cestos 1 PT IpÃª e Off White,https://static.mobly.com.br/p/Arte-MC3B3veis-Fruteira-ParanC3A1-com-Cestos-1-PT-IpC3AA-e-Off-White-2866-2658411-1-cart.jpg,"[[254, 254, 253], [81, 61, 39], [211, 204, 195], [25, 16, 9], [141, 135, 126]]","['Cor Desconhecida', 'Cor Desconhecida', 'Cor Desconhecida', 'Cor Desconhecida', 'Cor Desconhecida']",Outro
ArmÃ¡rio AÃ©reo Iluminata 2 PT Branco 80 cm,https://static.mobly.com.br/p/GENIALFLEX-ArmC3A1rio-AC3A9reo-Iluminata-2-PT-Branco-80-cm-0338-1469301-1-cart.jpg,"[[254, 254, 253], [213, 204, 197], [181, 160, 143], [144, 115, 92], [228, 227, 225]]","['Cor Desconhecida', 'Cor Desconhecida', 'Cor Desconhecida', 'Cor Desconhecida', 'Cor Desconhecida']",Outro
BalcÃ£o de Cozinha com Tampo Omega 2 PT 1 GV FreijÃ³ e Grafite,https://static.mobly.com.br/p/Arte-MC3B3veis-BalcC3A3o-de-Cozinha-com-Tampo-Omega-2-PT-1-GV-FreijC3B3-e-Grafite-2842-6658411-1-cart.jpg,"[[253, 253, 252], [28, 27, 32], [143, 113, 84], [189, 180, 173], [98, 68, 34]]","['Cor Desconhecida', 'Cor Desconhecida', 'Cor Desconhecida', 'Cor Desconhecida', 'Cor Desconhecida']",Outro
BalcÃ£o de Cozinha Evidence 2 PT Branco,https://static.mobly.com.br/p/Poliman-BalcC3A3o-de-Cozinha-Evidence-2-PT-Branco-2474-109429-1-cart.jpg,"[[223, 222, 219], [254, 253, 253], [188, 166, 156], [129, 129, 126], [239, 111, 69]]","['Cor Desconhecida', 'Cor Desconhecida', 'Cor Desconhecida', 'Cor Desconhecida', 'Cor Desconhecida']",Outro
Bancada SiriÃº Retangular FreijÃ³ e Preta,https://static.mobly.com.br/p/Crome-Bancada-SiriC3BA-Retangular-FreijC3B3-e-Preta-4794-000728-1-cart.jpg,"[[254, 254, 253], [150, 127, 97], [70, 66, 60], [215, 211, 206], [169, 163, 156]]","['Cor Desconhecida', 'Cor Desconhecida', 'Cor Desconhecida', 'Cor Desconhecida', 'Cor Desconhecida']",Outro
ArmÃ¡rio AÃ©reo Evolution III 1 PT Tannah e Branco,https://static.mobly.com.br/p/BATROL-ArmC3A1rio-AC3A9reo-Evolution-III-1-PT-Tannah-e-Branco-3479-023016-1-cart.jpg,"[[191, 187, 183], [140, 134, 130], [254, 254, 254], [226, 226, 225], [106, 94, 83]]","['Cor Desconhecida', 'Cor Desconhecida', 'Cor Desconhecida', 'Cor Desconhecida', 'Cor Desconhecida']",Outro
ArmÃ¡rio AÃ©reo Evidence 1 PT Branco 40 cm,https://static.mobly.com.br/p/Poliman-ArmC3A1rio-AC3A9reo-Evidence-1-PT-Branco-40-cm-5524-1479401-1-cart.jpg,"[[253, 253, 253], [150, 151, 148], [225, 225, 222], [116, 116, 113], [194, 195, 192]]","['Cor Desconhecida', 'Cor Desconhecida', 'Cor Desconhecida', 'Cor Desconhecida', 'Cor Desconhecida']",Outro
ArmÃ¡rio AÃ©reo com Espelho Chardonnay 3 PT Castanho e Branco,https://static.mobly.com.br/p/Ronipa-ArmC3A1rio-AC3A9reo-com-Espelho-Chardonnay-3-PT-Castanho-e-Branco-1799-566637-1-cart.jpg,"[[163, 141, 111], [242, 239, 235], [220, 209, 190], [254, 254, 253], [198, 182, 154]]","['Cor Desconhecida', 'Cor Desconhecida', 'Cor Desconhecida', 'Cor Desconhecida', 'Cor Desconhecida']",Outro
BalcÃ£o de Cozinha com Tampo Top Class 2 PT Branco,https://static.mobly.com.br/p/BATROL-BalcC3A3o-de-Cozinha-com-Tampo-Top-Class-2-PT-Branco-0728-6275601-1-cart.jpg,"[[233, 233, 233], [44, 44, 44], [253, 253, 253], [123, 123, 123], [191, 191, 191]]","['Cor Desconhecida', 'Cor Desconhecida', 'Cor Desconhecida', 'Cor Desconhecida', 'Cor Desconhecida']",Outro
ArmÃ¡rio de Cozinha Completa 270cm Rustic/Crema Agata Madesa 03,https://static.mobly.com.br/p/Madesa-ArmC3A1rio-de-Cozinha-Completa-270cm-Rustic2FCrema-Agata-Madesa-03-4689-0877311-1-cart.jpg,"[[91, 78, 65], [171, 158, 144], [44, 36, 28], [134, 119, 98], [200, 187, 174]]","['Cor Desconhecida', 'Cor Desconhecida', 'Cor Desconhecida', 'Cor Desconhecida', 'Cor Desconhecida']",Cozinha completa
Fruteira Cris Branca Artefarmol,https://static.mobly.com.br/p/Modern-Fruteira-Cris-Branca-Artefarmol-8170-961004-1-cart.jpg,"[[225, 225, 221], [253, 253, 253], [82, 76, 50], [151, 142, 76], [183, 182, 175]]","['Cor Desconhecida', 'Cor Desconhecida', 'Cor Desconhecida', 'Cor Desconhecida', 'Cor Desconhecida']",Outro
Paneleiro Iluminata para Forno 2 PT 1 GV Branco e Ãbano,https://static.mobly.com.br/p/GENIALFLEX-Paneleiro-Iluminata-para-Forno-2-PT-1-GV-Branco-e-C389bano-8180-3449401-1-cart.jpg,"[[254, 254, 254], [106, 76, 61], [231, 227, 224], [173, 159, 150], [47, 21, 10]]","['Cor Desconhecida', 'Cor Desconhecida', 'Cor Desconhecida', 'Cor Desconhecida', 'Cor Desconhecida']",Paneleiro
BalcÃ£o de Cozinha Frow 2 PT FreijÃ³ e Off White,https://static.mobly.com.br/p/Kappesberg-BalcC3A3o-de-Cozinha-Frow-2-PT-FreijC3B3-e-Off-White-1692-549147-1-cart.jpg,"[[253, 254, 253], [130, 103, 72], [237, 234, 222], [162, 149, 132], [200, 193, 181]]","['Cor Desconhecida', 'Cor Desconhecida', 'Cor Desconhecida', 'Cor Desconhecida', 'Cor Desconhecida']",Outro
Cozinha Completa Madesa Reims 310001 com ArmÃ¡rio e BalcÃ£o - Branco,https://static.mobly.com.br/p/Madesa-Cozinha-Completa-Madesa-Reims-310001-com-ArmC3A1rio-e-BalcC3A3o---Branco-8693-653867-1-cart.jpg,"[[166, 150, 128], [227, 222, 216], [70, 61, 48], [204, 190, 167], [124, 112, 95]]","['Cor Desconhecida', 'Cor Desconhecida', 'Cor Desconhecida', 'Cor Desconhecida', 'Cor Desconhecida']",Cozinha completa
ArmÃ¡rio AÃ©reo Cook 2 PT Aveiro e Branco 70 cm,https://static.mobly.com.br/p/BE-MobiliC3A1rio-Inteligente-ArmC3A1rio-AC3A9reo-Cook-2-PT-Aveiro-e-Branco-70-cm-5152-818926-1-cart.jpg,"[[254, 254, 254], [180, 169, 158], [230, 229, 228], [164, 148, 133], [212, 208, 202]]","['Cor Desconhecida', 'Cor Desconhecida', 'Cor Desconhecida', 'Cor Desconhecida', 'Cor Desconhecida']",Outro
ArmÃ¡rio AÃ©reo Maxxi 1 PT Branco 40 cm,https://static.mobly.com.br/p/Kappesberg-ArmC3A1rio-AC3A9reo-Maxxi-1-PT-Branco-40-cm-2214-017789-1-cart.jpg,"[[254, 254, 254], [229, 228, 229], [104, 102, 98], [209, 207, 208], [160, 159, 156]]","['Cor Desconhecida', 'Cor Desconhecida', 'Cor Desconhecida', 'Cor Desconhecida', 'Cor Desconhecida']",Outro
Cozinha Compacta Malu 9 PT 2 GV Manchester e Grafite,https://static.mobly.com.br/p/Fellicci-Moveis-Cozinha-Compacta-Malu-9-PT-2-GV-Manchester-e-Grafite-9561-5462501-1-cart.jpg,"[[102, 102, 86], [67, 63, 56], [179, 172, 161], [131, 132, 114], [214, 209, 202]]","['Cor Desconhecida', 'Cor Desconhecida', 'Cor Desconhecida', 'Cor Desconhecida', 'Cor Desconhecida']",Conjunto Cozinha
ArmÃ¡rio AÃ©reo Cook l 3 PT Aveiro e Madeira 120 cm,https://static.mobly.com.br/p/BE-MobiliC3A1rio-Inteligente-ArmC3A1rio-AC3A9reo-Cook-l-3-PT-Aveiro-e-Madeira-120-cm-5627-238926-1-cart.jpg,"[[172, 131, 101], [254, 254, 253], [220, 205, 193], [160, 120, 91], [175, 156, 140]]","['Cor Desconhecida', 'Cor Desconhecida', 'Cor Desconhecida', 'Cor Desconhecida', 'Cor Desconhecida']",Outro
Conjunto Sala de Jantar Madesa Havana Mesa Tampo de Madeira com 4 Cadeiras - Preto/Rustic,https://static.mobly.com.br/p/Madesa-Conjunto-Sala-de-Jantar-Madesa-Havana-Mesa-Tampo-de-Madeira-com-4-Cadeiras---Preto2FRustic-6733-762938-1-cart.jpg,"[[158, 153, 150], [123, 115, 107], [30, 25, 21], [214, 212, 210], [80, 71, 65]]","['Cor Desconhecida', 'Cor Desconhecida', 'Cor Desconhecida', 'Cor Desconhecida', 'Cor Desconhecida']",Outro
BalcÃ£o de Cozinha com Tampo Top Class Tannat,https://static.mobly.com.br/p/BATROL-BalcC3A3o-de-Cozinha-com-Tampo-Top-Class-Tannat-5071-8090211-1-cart.jpg,"[[254, 254, 253], [82, 64, 48], [158, 154, 150], [33, 23, 14], [206, 202, 198]]","['Cor Desconhecida', 'Cor Desconhecida', 'Cor Desconhecida', 'Cor Desconhecida', 'Cor Desconhecida']",Outro
Cozinha Compacta Atena 6 PT 1 GV Preto Onix ,https://static.mobly.com.br/p/Gralar-Cozinha-Compacta-Atena-6-PT-1-GV-Preto-OnixC2A0-9400-7896411-1-cart.jpg,"[[196, 162, 141], [31, 27, 27], [220, 211, 209], [164, 114, 90], [108, 78, 67]]","['Cor Desconhecida', 'Cor Desconhecida', 'Cor Desconhecida', 'Cor Desconhecida', 'Cor Desconhecida']",Conjunto Cozinha
Tampo para BalcÃ£o de Cozinha Evidence Ãnix 80 cm,https://static.mobly.com.br/p/Poliman-Tampo-para-BalcC3A3o-de-Cozinha-Evidence-C394nix-80-cm-0716-409429-1-cart.jpg,"[[254, 254, 254], [28, 28, 32], [148, 148, 149], [84, 84, 86], [204, 204, 205]]","['Cor Desconhecida', 'Cor Desconhecida', 'Cor Desconhecida', 'Cor Desconhecida', 'Cor Desconhecida']",Outro
Nicho para Micro-ondas Space Grafite,https://static.mobly.com.br/p/Poliman-Nicho-para-Micro-ondas-Space-Grafite-5420-4679401-1-cart.jpg,"[[254, 254, 254], [97, 96, 96], [175, 175, 173], [26, 26, 26], [152, 151, 149]]","['Cor Desconhecida', 'Cor Desconhecida', 'Cor Desconhecida', 'Cor Desconhecida', 'Cor Desconhecida']",Outro
Balcao Para Pia 3 Portas 2 Gavetas 120CM 17023 Oak Grafite PLN,https://static.mobly.com.br/p/Poliman-Balcao-Para-Pia-3-Portas-2-Gavetas-120CM-17023-Oak-Grafite-PLN-0059-5221611-1-cart.jpg,"[[166, 163, 158], [72, 70, 68], [252, 252, 251], [117, 110, 102], [219, 218, 216]]","['Cor Desconhecida', 'Cor Desconhecida', 'Cor Desconhecida', 'Cor Desconhecida', 'Cor Desconhecida']",Outro
BalcÃ£o de Cozinha Multipla com Tampo 3 PT 2 GV Branco,https://static.mobly.com.br/p/Bertolini-BalcC3A3o-de-Cozinha-Multipla-com-Tampo-3-PT-2-GV-Branco-2214-871155-1-cart.jpg,"[[90, 90, 90], [232, 232, 232], [254, 254, 254], [128, 128, 128], [202, 202, 202]]","['Cor Desconhecida', 'Cor Desconhecida', 'Cor Desconhecida', 'gray', 'Cor Desconhecida']",Outro
Balcao Com Tampo 120CM 17023x17508 Oak Grafite PLN,https://static.mobly.com.br/p/Poliman-Balcao-Com-Tampo-120CM-17023x17508-Oak-Grafite-PLN-0100-1321611-1-cart.jpg,"[[179, 175, 170], [122, 114, 102], [252, 252, 250], [73, 70, 68], [220, 219, 216]]","['Cor Desconhecida', 'Cor Desconhecida', 'Cor Desconhecida', 'Cor Desconhecida', 'Cor Desconhecida']",Outro
ArmÃ¡rio AÃ©reo Confort 1 PT Cinamomo e FumÃª 80 cm,https://static.mobly.com.br/p/BATROL-ArmC3A1rio-AC3A9reo-Confort-1-PT-Cinamomo-e-FumC3AA-80-cm-1444-0560701-1-cart.jpg,"[[140, 134, 128], [254, 254, 253], [54, 44, 28], [204, 195, 182], [125, 111, 95]]","['Cor Desconhecida', 'Cor Desconhecida', 'Cor Desconhecida', 'Cor Desconhecida', 'Cor Desconhecida']",Outro
ArmÃ¡rio de Cozinha Completa Madesa Reims 260001 com BalcÃ£o e Tampo - Preto/Rustic,https://static.mobly.com.br/p/Madesa-ArmC3A1rio-de-Cozinha-Completa-Madesa-Reims-260001-com-BalcC3A3o-e-Tampo---Preto2FRustic-2407-611339-1-cart.jpg,"[[118, 96, 80], [42, 31, 26], [206, 179, 151], [74, 58, 49], [163, 137, 114]]","['Cor Desconhecida', 'Cor Desconhecida', 'Cor Desconhecida', 'Cor Desconhecida', 'Cor Desconhecida']",Cozinha completa
BalcÃ£o de Cozinha sem Tampo Souza 2 PT 3 GV Branco,https://static.mobly.com.br/p/EvidC3AAncia-BalcC3A3o-de-Cozinha-sem-Tampo-Souza-2-PT-3-GV-Branco-0790-306371-1-cart.jpg,"[[219, 219, 219], [253, 253, 252], [66, 66, 65], [177, 129, 101], [194, 194, 192]]","['Cor Desconhecida', 'Cor Desconhecida', 'Cor Desconhecida', 'Cor Desconhecida', 'Cor Desconhecida']",Outro
Bancada gourmet ilha cozinha DitÃ¡lia 2 Prat. Cinza CD-1019,https://static.mobly.com.br/p/DitC3A1lia-Bancada-gourmet-ilha-cozinha-DitC3A1lia-2-Prat.-Cinza-CD-1019-6263-1463801-1-cart.jpg,"[[192, 191, 191], [254, 254, 253], [148, 146, 147], [226, 223, 222], [179, 170, 162]]","['Cor Desconhecida', 'Cor Desconhecida', 'Cor Desconhecida', 'Cor Desconhecida', 'Cor Desconhecida']",Outro
Cozinha Compacta Com Balcao 240CM 10027x17036 Oak Grafite PLN,https://static.mobly.com.br/p/Poliman-Cozinha-Compacta-Com-Balcao-240CM-10027x17036-Oak-Grafite-PLN-2308-3521611-1-cart.jpg,"[[252, 252, 251], [92, 90, 86], [139, 136, 130], [201, 200, 196], [59, 58, 56]]","['Cor Desconhecida', 'Cor Desconhecida', 'Cor Desconhecida', 'Cor Desconhecida', 'Cor Desconhecida']",Conjunto Cozinha
Cozinha Compacta Com Balcao Para Pia 10027x17037 Oak Off White PLN,https://static.mobly.com.br/p/Poliman-Cozinha-Compacta-Com-Balcao-Para-Pia-10027x17037-Oak-Off-White-PLN-2427-9521611-1-cart.jpg,"[[101, 96, 89], [200, 197, 193], [251, 251, 250], [50, 48, 44], [149, 145, 138]]","['Cor Desconhecida', 'Cor Desconhecida', 'Cor Desconhecida', 'Cor Desconhecida', 'Cor Desconhecida']",Conjunto Cozinha
ArmÃ¡rio de Cozinha Completa 325cm Rustic Emilly Madesa 02,https://static.mobly.com.br/p/Madesa-ArmC3A1rio-de-Cozinha-Completa-325cm-Rustic-Emilly-Madesa-02-0682-7990701-1-cart.jpg,"[[211, 207, 201], [126, 100, 75], [147, 134, 116], [63, 53, 43], [170, 162, 147]]","['Cor Desconhecida', 'Cor Desconhecida', 'Cor Desconhecida', 'Cor Desconhecida', 'Cor Desconhecida']",Cozinha completa
ArmÃ¡rio de Cozinha Completa Madesa Emilly Dance com BalcÃ£o e AÃ©reo Vidro Reflex - Rustic/Preto,https://static.mobly.com.br/p/Madesa-ArmC3A1rio-de-Cozinha-Completa-Madesa-Emilly-Dance-com-BalcC3A3o-e-AC3A9reo-Vidro-Reflex---Rustic2FPreto-9836-311339-1-cart.jpg,"[[44, 39, 36], [186, 155, 127], [153, 116, 86], [216, 190, 164], [103, 74, 54]]","['Cor Desconhecida', 'Cor Desconhecida', 'Cor Desconhecida', 'Cor Desconhecida', 'Cor Desconhecida']",Cozinha completa
BalcÃ£o de Cozinha Evidence 3 PT 2 GV Branco,https://static.mobly.com.br/p/Poliman-BalcC3A3o-de-Cozinha-Evidence-3-PT-2-GV-Branco-2339-898429-1-cart.jpg,"[[254, 254, 254], [232, 161, 135], [180, 180, 180], [236, 236, 235], [239, 111, 68]]","['Cor Desconhecida', 'Cor Desconhecida', 'Cor Desconhecida', 'Cor Desconhecida', 'Cor Desconhecida']",Outro
Cozinha Completa Atena 10 PT 1 GV Preto Onix,https://static.mobly.com.br/p/Gralar-Cozinha-Completa-Atena-10-PT-1-GV-Preto-Onix-9437-3896411-1-cart.jpg,"[[28, 24, 21], [208, 202, 198], [124, 92, 73], [172, 140, 117], [56, 48, 43]]","['Cor Desconhecida', 'Cor Desconhecida', 'Cor Desconhecida', 'Cor Desconhecida', 'Cor Desconhecida']",Cozinha completa
Cozinha Compacta Iluminata 8 PT 4 GV Branca e Ãbano,https://static.mobly.com.br/p/GENIALFLEX-Cozinha-Compacta-Iluminata-8-PT-4-GV-Branca-e-C389bano-6622-2963011-2-cart.jpg,"[[253, 253, 252], [132, 116, 106], [184, 174, 166], [226, 221, 217], [60, 38, 24]]","['Cor Desconhecida', 'Cor Desconhecida', 'Cor Desconhecida', 'Cor Desconhecida', 'Cor Desconhecida']",Conjunto Cozinha
ArmÃ¡rio AÃ©reo Canelone com Vidro 3 PT Preto,https://static.mobly.com.br/p/Politorno-ArmC3A1rio-AC3A9reo-Canelone-com-Vidro-3-PT-Preto-5824-1819211-2-cart.jpg,"[[194, 192, 192], [19, 18, 18], [254, 254, 254], [65, 65, 65], [117, 116, 116]]","['Cor Desconhecida', 'Cor Desconhecida', 'Cor Desconhecida', 'Cor Desconhecida', 'Cor Desconhecida']",Outro
ArmÃ¡rio AÃ©reo Evidence 3 PT Branco 120 cm,https://static.mobly.com.br/p/Poliman-ArmC3A1rio-AC3A9reo-Evidence-3-PT-Branco-120-cm-0705-609429-2-cart.jpg,"[[169, 167, 163], [253, 253, 253], [74, 154, 183], [203, 201, 200], [128, 124, 103]]","['Cor Desconhecida', 'Cor Desconhecida', 'Cor Desconhecida', 'Cor Desconhecida', 'Cor Desconhecida']",Outro
BalcÃ£o de Cozinha Iluminata 2 PT Mint 80 cm,https://static.mobly.com.br/p/GENIALFLEX-BalcC3A3o-de-Cozinha-Iluminata-2-PT-Mint-80-cm-0362-8369301-2-cart.jpg,"[[244, 244, 244], [254, 254, 254], [215, 215, 215], [187, 187, 187], [230, 230, 230]]","['Cor Desconhecida', 'Cor Desconhecida', 'Cor Desconhecida', 'Cor Desconhecida', 'Cor Desconhecida']",Outro
Paneleiro Maxxi 2 PT Branco,https://static.mobly.com.br/p/Kappesberg-Paneleiro-Maxxi-2-PT-Branco-2232-707789-2-cart.jpg,"[[106, 96, 86], [253, 253, 252], [144, 135, 122], [209, 207, 206], [180, 174, 164]]","['Cor Desconhecida', 'Cor Desconhecida', 'Cor Desconhecida', 'Cor Desconhecida', 'Cor Desconhecida']",Paneleiro
Paneleiro Firenze 4 PT Avena,https://static.mobly.com.br/p/DemC3B3bile-Paneleiro-Firenze-4-PT-Avena-2720-0542001-2-cart.jpg,"[[214, 208, 203], [198, 176, 161], [121, 107, 98], [254, 254, 253], [67, 65, 60]]","['Cor Desconhecida', 'Cor Desconhecida', 'Cor Desconhecida', 'Cor Desconhecida', 'Cor Desconhecida']",Paneleiro
BalcÃ£o de Cozinha Bruges com Tampo 2 PT 3 GV FreijÃ³ e Off White,https://static.mobly.com.br/p/Kappesberg-BalcC3A3o-de-Cozinha-Bruges-com-Tampo-2-PT-3-GV-FreijC3B3-e-Off-White-5241-098188-2-cart.jpg,"[[229, 226, 218], [136, 108, 78], [254, 254, 253], [74, 51, 29], [171, 159, 143]]","['Cor Desconhecida', 'Cor Desconhecida', 'Cor Desconhecida', 'Cor Desconhecida', 'Cor Desconhecida']",Outro
ArmÃ¡rio AÃ©reo Botanic 2 PT Nogueira 80 cm,https://static.mobly.com.br/p/Kappesberg-ArmC3A1rio-AC3A9reo-Botanic-2-PT-Nogueira-80-cm-3795-827599-2-cart.jpg,"[[128, 116, 96], [247, 246, 245], [88, 79, 60], [218, 213, 209], [184, 175, 164]]","['Cor Desconhecida', 'Cor Desconhecida', 'Cor Desconhecida', 'Cor Desconhecida', 'Cor Desconhecida']",Outro
BalcÃ£o de Cozinha com Tampo CarmÃ©nere 3 PT 2 GV Marrom e Branco,https://static.mobly.com.br/p/Ronipa-BalcC3A3o-de-Cozinha-com-Tampo-CarmC3A9nere-3-PT-2-GV-Marrom-e-Branco-0353-307637-2-cart.jpg,"[[254, 254, 254], [186, 177, 172], [238, 238, 238], [216, 215, 213], [168, 141, 126]]","['Cor Desconhecida', 'Cor Desconhecida', 'Cor Desconhecida', 'Cor Desconhecida', 'Cor Desconhecida']",Outro
Cozinha Compacta Dama 7 PT 3 GV Avena e Grafito,https://static.mobly.com.br/p/DemC3B3bile-Cozinha-Compacta-Dama-7-PT-3-GV-Avena-e-Grafito-3935-990999-2-cart.jpg,"[[254, 253, 252], [146, 129, 115], [175, 160, 146], [105, 90, 77], [213, 204, 192]]","['Cor Desconhecida', 'Cor Desconhecida', 'Cor Desconhecida', 'Cor Desconhecida', 'Cor Desconhecida']",Conjunto Cozinha
Cozinha Completa Madesa Reims 310001 com ArmÃ¡rio e BalcÃ£o - Preto,https://static.mobly.com.br/p/Madesa-Cozinha-Completa-Madesa-Reims-310001-com-ArmC3A1rio-e-BalcC3A3o---Preto-1384-764567-2-cart.jpg,"[[84, 69, 53], [253, 252, 251], [144, 125, 100], [47, 37, 30], [198, 177, 147]]","['Cor Desconhecida', 'Cor Desconhecida', 'Cor Desconhecida', 'Cor Desconhecida', 'Cor Desconhecida']",Cozinha completa
BalcÃ£o de Cozinha com Tampo Confort 1 PT Grafite e Branco,https://static.mobly.com.br/p/BATROL-BalcC3A3o-de-Cozinha-com-Tampo-Confort-1-PT-Grafite-e-Branco-3439-070879-2-cart.jpg,"[[254, 254, 254], [66, 68, 71], [222, 222, 222], [131, 131, 133], [180, 180, 181]]","['Cor Desconhecida', 'Cor Desconhecida', 'Cor Desconhecida', 'Cor Desconhecida', 'Cor Desconhecida']",Outro
ArmÃ¡rio AÃ©reo CarmÃ©nere 2 PT Castanho e Chumbo,https://static.mobly.com.br/p/Ronipa-ArmC3A1rio-AC3A9reo-CarmC3A9nere-2-PT-Castanho-e-Chumbo-7138-007637-2-cart.jpg,"[[254, 254, 253], [132, 94, 78], [82, 48, 34], [221, 208, 199], [176, 149, 134]]","['Cor Desconhecida', 'Cor Desconhecida', 'Cor Desconhecida', 'Cor Desconhecida', 'Cor Desconhecida']",Outro
Kit de Cozinha Encanto 7 PT 2 GV Amendola e Branco,https://static.mobly.com.br/p/DemC3B3bile-Kit-de-Cozinha-Encanto-7-PT-2-GV-Amendola-e-Branco-1349-535088-2-cart.jpg,"[[253, 253, 252], [101, 66, 40], [187, 172, 160], [228, 225, 223], [146, 108, 80]]","['Cor Desconhecida', 'Cor Desconhecida', 'Cor Desconhecida', 'Cor Desconhecida', 'Cor Desconhecida']",Outro
ArmÃ¡rio AÃ©reo Canelone com Vidro 2 PT Preto,https://static.mobly.com.br/p/Politorno-ArmC3A1rio-AC3A9reo-Canelone-com-Vidro-2-PT-Preto-5817-2819211-2-cart.jpg,"[[253, 253, 253], [20, 20, 20], [142, 142, 142], [72, 71, 71], [200, 200, 200]]","['Cor Desconhecida', 'Cor Desconhecida', 'Cor Desconhecida', 'Cor Desconhecida', 'Cor Desconhecida']",Outro
ArmÃ¡rio AÃ©reo Bruges Espelhado 2 PT Nogal,https://static.mobly.com.br/p/Kappesberg-ArmC3A1rio-AC3A9reo-Bruges-Espelhado-2-PT-Nogal-5108-778188-2-cart.jpg,"[[254, 254, 253], [51, 36, 21], [112, 95, 75], [212, 209, 205], [152, 141, 126]]","['Cor Desconhecida', 'Cor Desconhecida', 'Cor Desconhecida', 'Cor Desconhecida', 'Cor Desconhecida']",Outro
Cozinha Compacta Merlot 9 PT 1 GV Castanho e Branca,https://static.mobly.com.br/p/Ronipa-Cozinha-Compacta-Merlot-9-PT-1-GV-Castanho-e-Branca-6453-338629-2-cart.jpg,"[[253, 253, 252], [152, 105, 72], [211, 207, 207], [95, 62, 37], [178, 152, 133]]","['Cor Desconhecida', 'Cor Desconhecida', 'Cor Desconhecida', 'Cor Desconhecida', 'Cor Desconhecida']",Conjunto Cozinha
ArmÃ¡rio AÃ©reo Botanic 3 PT Nogueira 120 cm,https://static.mobly.com.br/p/Kappesberg-ArmC3A1rio-AC3A9reo-Botanic-3-PT-Nogueira-120-cm-3911-037599-2-cart.jpg,"[[150, 132, 107], [251, 249, 247], [111, 102, 80], [206, 199, 190], [63, 50, 31]]","['Cor Desconhecida', 'Cor Desconhecida', 'Cor Desconhecida', 'Cor Desconhecida', 'Cor Desconhecida']",Outro
Paneleiro Botanic 2 PT Nogueira e Verde Oliva,https://static.mobly.com.br/p/Kappesberg-Paneleiro-Botanic-2-PT-Nogueira-e-Verde-Oliva-3511-427599-2-cart.jpg,"[[189, 183, 177], [250, 250, 248], [157, 148, 132], [75, 65, 51], [119, 111, 92]]","['Cor Desconhecida', 'Cor Desconhecida', 'Cor Desconhecida', 'Cor Desconhecida', 'Cor Desconhecida']",Paneleiro
BalcÃ£o de Cozinha com Tampo Botanic 2 PT Fendi e Nogueira,https://static.mobly.com.br/p/Kappesberg-BalcC3A3o-de-Cozinha-com-Tampo-Botanic-2-PT-Fendi-e-Nogueira-2469-1684001-2-cart.jpg,"[[251, 249, 247], [152, 130, 108], [206, 199, 189], [109, 90, 69], [58, 44, 27]]","['Cor Desconhecida', 'Cor Desconhecida', 'Cor Desconhecida', 'Cor Desconhecida', 'Cor Desconhecida']",Outro
BalcÃ£o de Cozinha Evolution com Tampo 2 PT Carvalho,https://static.mobly.com.br/p/BATROL-BalcC3A3o-de-Cozinha-Evolution-com-Tampo-2-PT--Carvalho-3467-323016-2-cart.jpg,"[[252, 252, 252], [88, 75, 65], [156, 145, 136], [203, 202, 201], [120, 106, 95]]","['Cor Desconhecida', 'Cor Desconhecida', 'Cor Desconhecida', 'Cor Desconhecida', 'Cor Desconhecida']",Outro
BalcÃ£o de Cozinha com Tampo Vega 3 PT Branco,https://static.mobly.com.br/p/Arte-MC3B3veis-BalcC3A3o-de-Cozinha-com-Tampo-Vega-3-PT-Branco-2938-1558411-2-cart.jpg,"[[140, 126, 108], [34, 38, 35], [193, 192, 201], [79, 81, 92], [185, 169, 141]]","['Cor Desconhecida', 'Cor Desconhecida', 'Cor Desconhecida', 'Cor Desconhecida', 'Cor Desconhecida']",Outro
BalcÃ£o de Cozinha com Tampo Iluminata 2 PT Branco e Ãbano,https://static.mobly.com.br/p/GENIALFLEX-BalcC3A3o-de-Cozinha-com-Tampo-Iluminata-2-PT-Branco-e-C389bano-8627-4601201-2-cart.jpg,"[[225, 219, 214], [98, 86, 73], [146, 136, 124], [43, 31, 21], [189, 183, 173]]","['Cor Desconhecida', 'Cor Desconhecida', 'Cor Desconhecida', 'Cor Desconhecida', 'Cor Desconhecida']",Outro
Conjunto com 2 Cadeiras Varsovia Luxo Veludo Marrom e Imbuia,https://static.mobly.com.br/p/Modern-Conjunto-com-2-Cadeiras-Varsovia-Luxo-Veludo-Marrom-e-Imbuia-1198-2983611-2-cart.jpg,"[[254, 254, 253], [101, 77, 61], [154, 133, 117], [76, 53, 39], [211, 199, 188]]","['Cor Desconhecida', 'Cor Desconhecida', 'Cor Desconhecida', 'Cor Desconhecida', 'Cor Desconhecida']",Outro
BalcÃ£o de Cozinha Campinas 4 PT 1 GV Branco,https://static.mobly.com.br/p/Arte-MC3B3veis-BalcC3A3o-de-Cozinha-Campinas-4-PT-1-GV-Branco-4802-9951301-2-cart.jpg,"[[70, 133, 139], [195, 182, 166], [15, 56, 59], [216, 213, 209], [127, 98, 73]]","['Cor Desconhecida', 'Cor Desconhecida', 'Cor Desconhecida', 'Cor Desconhecida', 'Cor Desconhecida']",Outro
Conjunto com 4 Cadeiras Atenas Suede Animalle Chocolate e Capuccino,https://static.mobly.com.br/p/Modern-Conjunto-com-4-Cadeiras-Atenas-Suede-Animalle-Chocolate-e-Capuccino-1195-3983611-2-cart.jpg,"[[254, 254, 253], [138, 109, 83], [171, 148, 124], [99, 73, 52], [223, 210, 196]]","['Cor Desconhecida', 'Cor Desconhecida', 'Cor Desconhecida', 'Cor Desconhecida', 'Cor Desconhecida']",Outro
Paneleiro Maxxi 1 PT 3 GV Branco,https://static.mobly.com.br/p/Kappesberg-Paneleiro-Maxxi-1-PT-3-GV-Branco-2226-807789-2-cart.jpg,"[[205, 199, 195], [118, 107, 97], [251, 250, 248], [160, 150, 143], [51, 45, 42]]","['Cor Desconhecida', 'Cor Desconhecida', 'Cor Desconhecida', 'Cor Desconhecida', 'Cor Desconhecida']",Paneleiro
Conjunto com 4 Cadeiras Atenas Suede Amassado Chocolate e Capuccino,https://static.mobly.com.br/p/Modern-Conjunto-com-4-Cadeiras-Atenas-Suede-Amassado-Chocolate-e-Capuccino-1192-4983611-2-cart.jpg,"[[254, 254, 253], [166, 149, 128], [113, 83, 50], [192, 179, 161], [234, 225, 212]]","['Cor Desconhecida', 'Cor Desconhecida', 'Cor Desconhecida', 'Cor Desconhecida', 'Cor Desconhecida']",Outro
Tampo para BalcÃ£o Nox Orion 80 cm,https://static.mobly.com.br/p/Kappesberg-Tampo-para-BalcC3A3o-Nox-Orion-80-cm-1447-986119-2-cart.jpg,"[[254, 254, 254], [211, 206, 196], [243, 242, 239], [186, 185, 179], [225, 224, 220]]","['Cor Desconhecida', 'Cor Desconhecida', 'Cor Desconhecida', 'Cor Desconhecida', 'Cor Desconhecida']",Outro
Conjunto com 4 Cadeiras Aurora Veludo PÃ©rola e Capuccino,https://static.mobly.com.br/p/Modern-Conjunto-com-4-Cadeiras-Aurora-Veludo-PC3A9rola-e-Capuccino-1264-5983611-2-cart.jpg,"[[254, 254, 253], [213, 200, 185], [149, 107, 80], [194, 173, 154], [236, 228, 218]]","['Cor Desconhecida', 'Cor Desconhecida', 'Cor Desconhecida', 'Cor Desconhecida', 'Cor Desconhecida']",Outro
BalcÃ£o de Cozinha Nox 2 PT Ãnix e Steel 80 cm,https://static.mobly.com.br/p/Kappesberg-BalcC3A3o-de-Cozinha-Nox-2-PT-C394nix-e-Steel-80-cm-1527-766119-2-cart.jpg,"[[252, 252, 252], [74, 67, 60], [135, 128, 120], [194, 192, 189], [39, 35, 29]]","['Cor Desconhecida', 'Cor Desconhecida', 'Cor Desconhecida', 'Cor Desconhecida', 'Cor Desconhecida']",Outro
Bancada Americana Affara,https://static.mobly.com.br/p/Plata-Bancada-Americana-Affara-7396-4936611-2-cart.jpg,"[[227, 224, 220], [98, 84, 71], [253, 253, 253], [59, 49, 39], [155, 146, 139]]","['Cor Desconhecida', 'Cor Desconhecida', 'Cor Desconhecida', 'Cor Desconhecida', 'Cor Desconhecida']",Outro
Paneleiro Iluminata com Vidro 1 PT 1 GV Verde Mint e Ãbano,https://static.mobly.com.br/p/GENIALFLEX-Paneleiro-Iluminata-com-Vidro-1-PT-1-GV-Verde-Mint-e-C389bano-8177-4449401-2-cart.jpg,"[[254, 254, 254], [97, 108, 93], [210, 211, 204], [29, 23, 19], [137, 145, 131]]","['Cor Desconhecida', 'Cor Desconhecida', 'Cor Desconhecida', 'Cor Desconhecida', 'Cor Desconhecida']",Paneleiro
BalcÃ£o de Cozinha com Tampo Botanic 2 PT 3 GV Verde Oliva e Nogueira,https://static.mobly.com.br/p/Kappesberg-BalcC3A3o-de-Cozinha-com-Tampo-Botanic-2-PT-3-GV-Verde-Oliva-e-Nogueira-2451-4684001-2-cart.jpg,"[[253, 253, 252], [109, 124, 99], [116, 93, 68], [156, 152, 132], [209, 204, 191]]","['Cor Desconhecida', 'Cor Desconhecida', 'Cor Desconhecida', 'Cor Desconhecida', 'Cor Desconhecida']",Outro
BalcÃ£o de Cozinha com Tampo Chardonnay 3 PT 2 GV Castanho e Branco,https://static.mobly.com.br/p/Ronipa-BalcC3A3o-de-Cozinha-com-Tampo-Chardonnay-3-PT-2-GV-Castanho-e-Branco-8935-766637-2-cart.jpg,"[[189, 173, 154], [223, 219, 213], [108, 93, 80], [247, 245, 242], [156, 136, 113]]","['Cor Desconhecida', 'Cor Desconhecida', 'Cor Desconhecida', 'Cor Desconhecida', 'Cor Desconhecida']",Outro
Conjunto com 2 Cadeiras Amanda Veludo Bege e Imbuia,https://static.mobly.com.br/p/Modern-Conjunto-com-2-Cadeiras-Amanda-Veludo-Bege-e-Imbuia-6653-8319611-2-cart.jpg,"[[254, 254, 254], [148, 122, 109], [182, 160, 147], [105, 85, 70], [232, 223, 213]]","['Cor Desconhecida', 'Cor Desconhecida', 'Cor Desconhecida', 'Cor Desconhecida', 'Cor Desconhecida']",Outro
Conjunto com 2 Cadeiras Amanda Veludo Marrom Claro e Imbuia,https://static.mobly.com.br/p/Modern-Conjunto-com-2-Cadeiras-Amanda-Veludo-Marrom-Claro-e-Imbuia-1426-9319611-2-cart.jpg,"[[254, 254, 253], [142, 116, 95], [215, 204, 193], [105, 85, 67], [176, 153, 133]]","['Cor Desconhecida', 'Cor Desconhecida', 'Cor Desconhecida', 'Cor Desconhecida', 'Cor Desconhecida']",Outro
ArmÃ¡rio AÃ©reo Frow II 2 PT FreijÃ³ e Off White 80 cm,https://static.mobly.com.br/p/Kappesberg-ArmC3A1rio-AC3A9reo-Frow-II-2-PT-FreijC3B3-e-Off-White-80-cm-9923-659147-2-cart.jpg,"[[254, 254, 252], [90, 64, 38], [132, 104, 75], [211, 201, 190], [165, 146, 124]]","['Cor Desconhecida', 'Cor Desconhecida', 'Cor Desconhecida', 'Cor Desconhecida', 'Cor Desconhecida']",Outro
Cozinha Compacta Firenze II 6 PT 2 GV AmÃªndola e Branca,https://static.mobly.com.br/p/DemC3B3bile-Cozinha-Compacta-Firenze-II-6-PT-2-GV-AmC3AAndola-e-Branca-3334-799299-2-cart.jpg,"[[254, 254, 253], [165, 157, 151], [210, 206, 202], [229, 228, 227], [133, 99, 74]]","['Cor Desconhecida', 'Cor Desconhecida', 'Cor Desconhecida', 'Cor Desconhecida', 'Cor Desconhecida']",Conjunto Cozinha
Tampo de Cozinha Atena Teka 120 cm,https://static.mobly.com.br/p/Gralar-Tampo-de-Cozinha-Atena-Teka-120-cm-0476-5336111-2-cart.jpg,"[[116, 90, 56], [254, 254, 253], [167, 153, 135], [216, 206, 191], [130, 106, 71]]","['Cor Desconhecida', 'Cor Desconhecida', 'Cor Desconhecida', 'Cor Desconhecida', 'Cor Desconhecida']",Outro
BalcÃ£o de Cozinha com Tampo Botanic 2 PT 3 GV Fendi e Nogueira,https://static.mobly.com.br/p/Kappesberg-BalcC3A3o-de-Cozinha-com-Tampo-Botanic-2-PT-3-GV-Fendi-e-Nogueira-2456-3684001-2-cart.jpg,"[[149, 135, 120], [253, 253, 252], [123, 98, 74], [197, 185, 172], [94, 71, 49]]","['Cor Desconhecida', 'Cor Desconhecida', 'Cor Desconhecida', 'Cor Desconhecida', 'Cor Desconhecida']",Outro
Paneleiro Conecta 4 PT Ãbano e Branco 80 cm,https://static.mobly.com.br/p/GENIALFLEX-Paneleiro-Conecta-4-PT-C389bano-e-Branco-80-cm-9613-5729211-2-cart.jpg,"[[254, 254, 254], [191, 180, 170], [128, 95, 73], [213, 207, 203], [153, 145, 138]]","['Cor Desconhecida', 'Cor Desconhecida', 'Cor Desconhecida', 'Cor Desconhecida', 'Cor Desconhecida']",Paneleiro
Cozinha Completa Madesa Reims 310001 com ArmÃ¡rio e BalcÃ£o - Preto/Rustic,https://static.mobly.com.br/p/Madesa-Cozinha-Completa-Madesa-Reims-310001-com-ArmC3A1rio-e-BalcC3A3o---Preto2FRustic-9007-172867-2-cart.jpg,"[[201, 180, 146], [51, 44, 37], [252, 252, 250], [152, 135, 106], [98, 84, 65]]","['Cor Desconhecida', 'Cor Desconhecida', 'Cor Desconhecida', 'Cor Desconhecida', 'Cor Desconhecida']",Cozinha completa
ArmÃ¡rio AÃ©reo Chardonnay 3 PT Castanho e Branco,https://static.mobly.com.br/p/Ronipa-ArmC3A1rio-AC3A9reo-Chardonnay-3-PT-Castanho-e-Branco-0863-366637-2-cart.jpg,"[[242, 238, 236], [158, 137, 114], [209, 202, 195], [224, 218, 213], [185, 174, 162]]","['Cor Desconhecida', 'Cor Desconhecida', 'Cor Desconhecida', 'Cor Desconhecida', 'Cor Desconhecida']",Outro
ArmÃ¡rio AÃ©reo Iluminata 1 PT Branco 80 cm,https://static.mobly.com.br/p/GENIALFLEX-ArmC3A1rio-AC3A9reo-Iluminata-1-PT-Branco-80-cm-8227-1349401-2-cart.jpg,"[[254, 254, 253], [201, 189, 168], [219, 213, 210], [145, 132, 107], [225, 221, 220]]","['Cor Desconhecida', 'Cor Desconhecida', 'Cor Desconhecida', 'Cor Desconhecida', 'Cor Desconhecida']",Outro
BalcÃ£o de Cozinha com Tampo Confort 2 PT 4 GV Grafite e Branco,https://static.mobly.com.br/p/BATROL-BalcC3A3o-de-Cozinha-com-Tampo-Confort-2-PT-4-GV-Grafite-e-Branco-3444-860879-2-cart.jpg,"[[127, 128, 129], [254, 254, 254], [216, 216, 216], [69, 72, 74], [176, 176, 176]]","['Cor Desconhecida', 'Cor Desconhecida', 'Cor Desconhecida', 'Cor Desconhecida', 'Cor Desconhecida']",Outro
Fruteira Curitiba 1 GV Preta,https://static.mobly.com.br/p/Arte-MC3B3veis-Fruteira-Curitiba-1-GV-Preta-4682-6951301-2-cart.jpg,"[[15, 13, 11], [171, 162, 149], [124, 116, 106], [211, 185, 148], [65, 53, 46]]","['Cor Desconhecida', 'Cor Desconhecida', 'Cor Desconhecida', 'Cor Desconhecida', 'Cor Desconhecida']",Outro
BalcÃ£o de Cozinha Botanic 2 PT Nogueira e Verde Oliva,https://static.mobly.com.br/p/Kappesberg-BalcC3A3o-de-Cozinha-Botanic-2-PT-Nogueira-e-Verde-Oliva-3186-127599-2-cart.jpg,"[[112, 103, 81], [250, 249, 247], [208, 200, 189], [62, 48, 29], [150, 132, 108]]","['Cor Desconhecida', 'Cor Desconhecida', 'Cor Desconhecida', 'Cor Desconhecida', 'Cor Desconhecida']",Outro
Cozinha Compacta Malbec Prime 12 PT 2 GV Castanho e Chumbo,https://static.mobly.com.br/p/Ronipa-Cozinha-Compacta-Malbec-Prime-12-PT-2-GV-Castanho-e-Chumbo-5246-268367-2-cart.jpg,"[[130, 101, 84], [253, 253, 252], [85, 56, 41], [81, 84, 86], [185, 177, 172]]","['Cor Desconhecida', 'Cor Desconhecida', 'Cor Desconhecida', 'Cor Desconhecida', 'Cor Desconhecida']",Conjunto Cozinha
BalcÃ£o de Cozinha Frow PT FreijÃ³,https://static.mobly.com.br/p/Kappesberg-BalcC3A3o-de-Cozinha-Frow-PT-FreijC3B3-1669-249147-2-cart.jpg,"[[252, 252, 251], [41, 35, 29], [138, 109, 78], [190, 177, 163], [91, 73, 53]]","['Cor Desconhecida', 'Cor Desconhecida', 'Cor Desconhecida', 'Cor Desconhecida', 'Cor Desconhecida']",Outro
ArmÃ¡rio MultiÃºso com Mesa GoiÃ¡s 2 PT Branco,https://static.mobly.com.br/p/Politorno-ArmC3A1rio-MultiC3BAso-com-Mesa-GoiC3A1s-2-PT-Branco-8175-959762-2-cart.jpg,"[[153, 143, 129], [229, 226, 223], [201, 196, 190], [119, 110, 98], [178, 171, 160]]","['Cor Desconhecida', 'Cor Desconhecida', 'Cor Desconhecida', 'Cor Desconhecida', 'Cor Desconhecida']",Outro
BalcÃ£o de Cozinha com Tampo CarmÃ©nere 3 PT 2 GV Castanho e Chumbo,https://static.mobly.com.br/p/Ronipa-BalcC3A3o-de-Cozinha-com-Tampo-CarmC3A9nere-3-PT-2-GV-Castanho-e-Chumbo-0359-207637-2-cart.jpg,"[[254, 254, 254], [86, 85, 84], [215, 184, 166], [147, 140, 135], [235, 232, 230]]","['Cor Desconhecida', 'Cor Desconhecida', 'Cor Desconhecida', 'Cor Desconhecida', 'Cor Desconhecida']",Outro
ArmÃ¡rio para Micro-ondas Asti 1 PT Branco,https://static.mobly.com.br/p/BRV-MC3B3veis-ArmC3A1rio-para-Micro-ondas-Asti-1-PT-Branco-4633-63321-2-cart.jpg,"[[234, 230, 225], [133, 128, 107], [61, 58, 51], [202, 199, 192], [169, 166, 156]]","['Cor Desconhecida', 'Cor Desconhecida', 'Cor Desconhecida', 'Cor Desconhecida', 'Cor Desconhecida']",Outro
BalcÃ£o de Cozinha Bruges com Tampo 1 PT FreijÃ³ e Off White 60 cm,https://static.mobly.com.br/p/Kappesberg-BalcC3A3o-de-Cozinha-Bruges-com-Tampo-1-PT-FreijC3B3-e-Off-White-60-cm-5254-788188-2-cart.jpg,"[[254, 254, 253], [135, 105, 74], [221, 217, 211], [170, 149, 128], [79, 54, 29]]","['Cor Desconhecida', 'Cor Desconhecida', 'Cor Desconhecida', 'Cor Desconhecida', 'Cor Desconhecida']",Outro
BalcÃ£o de Cozinha Iluminata 2 PT 3 GV Branco 120 cm,https://static.mobly.com.br/p/GENIALFLEX-BalcC3A3o-de-Cozinha-Iluminata-2-PT-3-GV-Branco-120-cm-0293-8469301-2-cart.jpg,"[[224, 222, 220], [254, 254, 254], [111, 102, 95], [211, 210, 207], [169, 165, 162]]","['Cor Desconhecida', 'Cor Desconhecida', 'Cor Desconhecida', 'Cor Desconhecida', 'Cor Desconhecida']",Outro
Paneleiro Chardonnay 2 PT Castanho e Branco,https://static.mobly.com.br/p/Ronipa-Paneleiro-Chardonnay-2-PT-Castanho-e-Branco-2085-966637-2-cart.jpg,"[[254, 254, 254], [155, 146, 133], [215, 196, 182], [234, 234, 234], [204, 157, 129]]","['Cor Desconhecida', 'Cor Desconhecida', 'Cor Desconhecida', 'Cor Desconhecida', 'Cor Desconhecida']",Paneleiro
BalcÃ£o de Cozinha com Tampo New 2 PT 1 GV Tannat e Branco,https://static.mobly.com.br/p/BATROL-BalcC3A3o-de-Cozinha-com-Tampo-New-2-PT-1-GV-Tannat-e-Branco-4943-7290211-2-cart.jpg,"[[252, 251, 252], [85, 65, 51], [218, 216, 215], [45, 28, 15], [159, 156, 153]]","['Cor Desconhecida', 'Cor Desconhecida', 'Cor Desconhecida', 'Cor Desconhecida', 'Cor Desconhecida']",Outro
Paneleiro Duplo Forno Firenze 4 PT Avena,https://static.mobly.com.br/p/DemC3B3bile-Paneleiro-Duplo-Forno-Firenze-4-PT-Avena-2747-4442001-2-cart.jpg,"[[254, 254, 253], [118, 109, 101], [190, 171, 157], [212, 208, 204], [74, 69, 63]]","['Cor Desconhecida', 'Cor Desconhecida', 'Cor Desconhecida', 'Cor Desconhecida', 'Cor Desconhecida']",Paneleiro
ArmÃ¡rio AÃ©reo Napoli Prime 1 PT Castanho e Branco,https://static.mobly.com.br/p/Ronipa-ArmC3A1rio-AC3A9reo-Napoli-Prime-1-PT-Castanho-e-Branco-1016-220667-2-cart.jpg,"[[202, 177, 153], [113, 91, 72], [178, 153, 129], [61, 48, 32], [191, 191, 186]]","['Cor Desconhecida', 'Cor Desconhecida', 'Cor Desconhecida', 'Cor Desconhecida', 'Cor Desconhecida']",Outro
Fruteira Curitiba 1 GV Branca,https://static.mobly.com.br/p/Arte-MC3B3veis-Fruteira-Curitiba-1-GV-Branca-4701-3951301-2-cart.jpg,"[[79, 56, 39], [181, 144, 114], [156, 154, 153], [216, 189, 166], [134, 105, 82]]","['Cor Desconhecida', 'Cor Desconhecida', 'Cor Desconhecida', 'Cor Desconhecida', 'Cor Desconhecida']",Outro
ArmÃ¡rio AÃ©reo Botanic com Tela 2 PT Nogueira 80 cm,https://static.mobly.com.br/p/Kappesberg-ArmC3A1rio-AC3A9reo-Botanic-com-Tela-2-PT-Nogueira-80-cm-3865-927599-2-cart.jpg,"[[112, 102, 81], [251, 249, 247], [61, 48, 29], [150, 132, 108], [208, 200, 189]]","['Cor Desconhecida', 'Cor Desconhecida', 'Cor Desconhecida', 'Cor Desconhecida', 'Cor Desconhecida']",Outro
ArmÃ¡rio de Cozinha Simple 1 PT Branco,https://static.mobly.com.br/p/Mobly-ArmC3A1rio-de-Cozinha-Simple-1-PT-Branco-3345-164699-2-cart.jpg,"[[138, 115, 109], [214, 204, 201], [251, 250, 249], [180, 158, 153], [98, 80, 75]]","['Cor Desconhecida', 'Cor Desconhecida', 'Cor Desconhecida', 'Cor Desconhecida', 'Cor Desconhecida']",Outro
Paneleiro Nox 2 PT Ãnix e Steel,https://static.mobly.com.br/p/Kappesberg-Paneleiro-Nox-2-PT-C394nix-e-Steel-1506-276119-2-cart.jpg,"[[253, 253, 253], [31, 27, 20], [189, 187, 184], [66, 61, 55], [124, 119, 112]]","['Cor Desconhecida', 'Cor Desconhecida', 'Cor Desconhecida', 'Cor Desconhecida', 'Cor Desconhecida']",Paneleiro
BalcÃ£o de Cozinha Cheff Master com Tampo 2 PT Tannah e Branco,https://static.mobly.com.br/p/BATROL-BalcC3A3o-de-Cozinha-Cheff-Master-com-Tampo-2-PT--Tannah-e-Branco-5392-243016-2-cart.jpg,"[[61, 45, 33], [252, 252, 252], [147, 141, 137], [111, 91, 77], [202, 200, 198]]","['Cor Desconhecida', 'Cor Desconhecida', 'Cor Desconhecida', 'Cor Desconhecida', 'Cor Desconhecida']",Outro
Paneleiro Napoli Prime 4 PT Castanho e Chumbo,https://static.mobly.com.br/p/Ronipa-Paneleiro-Napoli-Prime-4-PT-Castanho-e-Chumbo-4383-757489-2-cart.jpg,"[[254, 254, 253], [149, 107, 84], [215, 197, 186], [111, 75, 56], [168, 134, 114]]","['Cor Desconhecida', 'Cor Desconhecida', 'Cor Desconhecida', 'Cor Desconhecida', 'Cor Desconhecida']",Paneleiro
ArmÃ¡rio AÃ©reo Max 1 PT Branco,https://static.mobly.com.br/p/Arte-MC3B3veis-ArmC3A1rio-AC3A9reo-Max-1-PT-Branco-2918-4558411-2-cart.jpg,"[[199, 201, 210], [144, 129, 125], [52, 45, 41], [165, 150, 147], [109, 99, 96]]","['Cor Desconhecida', 'Cor Desconhecida', 'Cor Desconhecida', 'Cor Desconhecida', 'Cor Desconhecida']",Outro
ArmÃ¡rio AÃ©reo Max 1 PT Branco e Preto,https://static.mobly.com.br/p/Arte-MC3B3veis-ArmC3A1rio-AC3A9reo-Max-1-PT-Branco-e-Preto-2911-5558411-2-cart.jpg,"[[185, 176, 170], [2, 1, 2], [63, 67, 67], [134, 128, 121], [105, 95, 84]]","['Cor Desconhecida', 'Cor Desconhecida', 'Cor Desconhecida', 'Cor Desconhecida', 'Cor Desconhecida']",Outro
BalcÃ£o para Micro-Ondas com Fruteira Adriana 1 PT Branco,https://static.mobly.com.br/p/Genial-Flex-BalcC3A3o-para-Micro-Ondas-com-Fruteira-Adriana-1-PT-Branco-5162-235506-2-cart.jpg,"[[204, 173, 153], [125, 95, 76], [217, 196, 183], [168, 142, 126], [237, 233, 233]]","['Cor Desconhecida', 'Cor Desconhecida', 'Cor Desconhecida', 'Cor Desconhecida', 'Cor Desconhecida']",Outro
ArmÃ¡rio AÃ©reo Max 1 PT FreijÃ³ e Branco,https://static.mobly.com.br/p/Arte-MC3B3veis-ArmC3A1rio-AC3A9reo-Max-1-PT-FreijC3B3-e-Branco-2898-7558411-2-cart.jpg,"[[133, 118, 114], [201, 202, 210], [44, 22, 12], [169, 150, 144], [95, 68, 51]]","['Cor Desconhecida', 'Cor Desconhecida', 'Cor Desconhecida', 'Cor Desconhecida', 'Cor Desconhecida']",Outro
Paneleiro Chardonnay 4 PT Castanho e Chumbo,https://static.mobly.com.br/p/Ronipa-Paneleiro-Chardonnay-4-PT-Castanho-e-Chumbo-9648-6079301-2-cart.jpg,"[[192, 186, 178], [110, 96, 81], [143, 129, 111], [53, 48, 43], [211, 208, 203]]","['Cor Desconhecida', 'Cor Desconhecida', 'Cor Desconhecida', 'Cor Desconhecida', 'Cor Desconhecida']",Paneleiro
ArmÃ¡rio AÃ©reo Max 1 PT FreijÃ³ e Grafite,https://static.mobly.com.br/p/Arte-MC3B3veis-ArmC3A1rio-AC3A9reo-Max-1-PT-FreijC3B3-e-Grafite-2893-8558411-2-cart.jpg,"[[80, 61, 49], [172, 156, 151], [34, 27, 22], [152, 135, 130], [118, 102, 96]]","['Cor Desconhecida', 'Cor Desconhecida', 'Cor Desconhecida', 'Cor Desconhecida', 'Cor Desconhecida']",Outro
BalcÃ£o de Cozinha com Tampo Evidence 1 PT Branco 40 cm,https://static.mobly.com.br/p/Poliman-BalcC3A3o-de-Cozinha-com-Tampo-Evidence-1-PT-Branco-40-cm-5533-9379401-2-cart.jpg,"[[228, 228, 228], [47, 46, 45], [151, 150, 149], [197, 195, 192], [108, 101, 98]]","['Cor Desconhecida', 'Cor Desconhecida', 'Cor Desconhecida', 'Cor Desconhecida', 'Cor Desconhecida']",Outro
ArmÃ¡rio AÃ©reo Max 1 PT Preto,https://static.mobly.com.br/p/Arte-MC3B3veis-ArmC3A1rio-AC3A9reo-Max-1-PT-Preto-2887-9558411-2-cart.jpg,"[[123, 116, 113], [159, 149, 144], [34, 32, 32], [179, 170, 166], [76, 72, 71]]","['Cor Desconhecida', 'Cor Desconhecida', 'Cor Desconhecida', 'Cor Desconhecida', 'Cor Desconhecida']",Outro
Cozinha Compacta Vini 2 PT Preta,https://static.mobly.com.br/p/Patrimar-Cozinha-Compacta-Vini-2-PT-Preta-9096-130866-2-cart.jpg,"[[253, 253, 253], [73, 65, 64], [184, 182, 180], [121, 118, 116], [30, 29, 28]]","['Cor Desconhecida', 'Cor Desconhecida', 'Cor Desconhecida', 'Cor Desconhecida', 'Cor Desconhecida']",Conjunto Cozinha
Fruteira ParanÃ¡ com Cestos 1 PT Branca,https://static.mobly.com.br/p/Arte-MC3B3veis-Fruteira-ParanC3A1-com-Cestos-1-PT-Branca-2881-0658411-2-cart.jpg,"[[37, 37, 36], [179, 175, 155], [132, 136, 107], [208, 206, 199], [69, 79, 80]]","['Cor Desconhecida', 'Cor Desconhecida', 'Cor Desconhecida', 'Cor Desconhecida', 'Cor Desconhecida']",Outro
Fruteira ParanÃ¡ com Cestos 1 PT Branca e Preta,https://static.mobly.com.br/p/Arte-MC3B3veis-Fruteira-ParanC3A1-com-Cestos-1-PT-Branca-e-Preta-2876-1658411-2-cart.jpg,"[[131, 135, 107], [37, 37, 35], [207, 205, 198], [179, 175, 154], [68, 77, 79]]","['Cor Desconhecida', 'Cor Desconhecida', 'Cor Desconhecida', 'Cor Desconhecida', 'Cor Desconhecida']",Outro
Paneleiro Napoli Prime 4 PT Castanho e Branco,https://static.mobly.com.br/p/Ronipa-Paneleiro-Napoli-Prime-4-PT-Castanho-e-Branco-0353-217637-2-cart.jpg,"[[254, 254, 254], [135, 112, 93], [217, 207, 198], [103, 82, 65], [162, 147, 133]]","['Cor Desconhecida', 'Cor Desconhecida', 'Cor Desconhecida', 'Cor Desconhecida', 'Cor Desconhecida']",Paneleiro
Fruteira ParanÃ¡ com Cestos 1 PT IpÃª e Off White,https://static.mobly.com.br/p/Arte-MC3B3veis-Fruteira-ParanC3A1-com-Cestos-1-PT-IpC3AA-e-Off-White-2867-2658411-2-cart.jpg,"[[72, 73, 68], [211, 208, 199], [126, 131, 103], [37, 36, 34], [178, 173, 148]]","['Cor Desconhecida', 'Cor Desconhecida', 'Cor Desconhecida', 'Cor Desconhecida', 'Cor Desconhecida']",Outro
ArmÃ¡rio AÃ©reo Iluminata 2 PT Branco 80 cm,https://static.mobly.com.br/p/GENIALFLEX-ArmC3A1rio-AC3A9reo-Iluminata-2-PT-Branco-80-cm-0339-1469301-2-cart.jpg,"[[254, 253, 253], [149, 132, 105], [226, 221, 218], [209, 193, 176], [218, 213, 211]]","['Cor Desconhecida', 'Cor Desconhecida', 'Cor Desconhecida', 'Cor Desconhecida', 'Cor Desconhecida']",Outro
BalcÃ£o de Cozinha com Tampo Omega 2 PT 1 GV FreijÃ³ e Grafite,https://static.mobly.com.br/p/Arte-MC3B3veis-BalcC3A3o-de-Cozinha-com-Tampo-Omega-2-PT-1-GV-FreijC3B3-e-Grafite-2843-6658411-2-cart.jpg,"[[172, 161, 161], [30, 28, 32], [142, 124, 114], [217, 212, 217], [101, 74, 47]]","['Cor Desconhecida', 'Cor Desconhecida', 'Cor Desconhecida', 'Cor Desconhecida', 'Cor Desconhecida']",Outro
BalcÃ£o de Cozinha Evidence 2 PT Branco,https://static.mobly.com.br/p/Poliman-BalcC3A3o-de-Cozinha-Evidence-2-PT-Branco-0727-109429-2-cart.jpg,"[[253, 253, 253], [110, 109, 105], [207, 206, 204], [55, 54, 51], [160, 159, 155]]","['Cor Desconhecida', 'Cor Desconhecida', 'Cor Desconhecida', 'Cor Desconhecida', 'Cor Desconhecida']",Outro
Bancada SiriÃº Retangular FreijÃ³ e Preta,https://static.mobly.com.br/p/Crome-Bancada-SiriC3BA-Retangular-FreijC3B3-e-Preta-4796-000728-2-cart.jpg,"[[253, 253, 253], [152, 129, 101], [225, 223, 220], [82, 77, 71], [182, 176, 170]]","['Cor Desconhecida', 'Cor Desconhecida', 'Cor Desconhecida', 'Cor Desconhecida', 'Cor Desconhecida']",Outro
ArmÃ¡rio AÃ©reo Evolution III 1 PT Tannah e Branco,https://static.mobly.com.br/p/BATROL-ArmC3A1rio-AC3A9reo-Evolution-III-1-PT-Tannah-e-Branco-3480-023016-2-cart.jpg,"[[254, 254, 253], [82, 66, 53], [149, 132, 118], [111, 99, 91], [215, 207, 201]]","['Cor Desconhecida', 'Cor Desconhecida', 'Cor Desconhecida', 'Cor Desconhecida', 'Cor Desconhecida']",Outro
ArmÃ¡rio AÃ©reo Evidence 1 PT Branco 40 cm,https://static.mobly.com.br/p/Poliman-ArmC3A1rio-AC3A9reo-Evidence-1-PT-Branco-40-cm-5525-1479401-2-cart.jpg,"[[213, 211, 207], [76, 73, 70], [147, 144, 138], [184, 182, 178], [233, 232, 231]]","['Cor Desconhecida', 'Cor Desconhecida', 'Cor Desconhecida', 'Cor Desconhecida', 'Cor Desconhecida']",Outro
ArmÃ¡rio AÃ©reo com Espelho Chardonnay 3 PT Castanho e Branco,https://static.mobly.com.br/p/Ronipa-ArmC3A1rio-AC3A9reo-com-Espelho-Chardonnay-3-PT-Castanho-e-Branco-1798-566637-2-cart.jpg,"[[163, 141, 112], [242, 238, 235], [210, 202, 192], [224, 218, 212], [198, 180, 152]]","['Cor Desconhecida', 'Cor Desconhecida', 'Cor Desconhecida', 'Cor Desconhecida', 'Cor Desconhecida']",Outro
BalcÃ£o de Cozinha com Tampo Top Class 2 PT Branco,https://static.mobly.com.br/p/BATROL-BalcC3A3o-de-Cozinha-com-Tampo-Top-Class-2-PT-Branco-0729-6275601-2-cart.jpg,"[[252, 252, 253], [40, 37, 35], [90, 89, 88], [207, 209, 209], [156, 156, 154]]","['Cor Desconhecida', 'Cor Desconhecida', 'Cor Desconhecida', 'Cor Desconhecida', 'Cor Desconhecida']",Outro
ArmÃ¡rio de Cozinha Completa 270cm Rustic/Crema Agata Madesa 03,https://static.mobly.com.br/p/Madesa-ArmC3A1rio-de-Cozinha-Completa-270cm-Rustic2FCrema-Agata-Madesa-03-4690-0877311-2-cart.jpg,"[[141, 127, 106], [251, 250, 248], [49, 40, 32], [178, 165, 151], [95, 83, 71]]","['Cor Desconhecida', 'Cor Desconhecida', 'Cor Desconhecida', 'Cor Desconhecida', 'Cor Desconhecida']",Cozinha completa
Fruteira Cris Branca Artefarmol,https://static.mobly.com.br/p/Modern-Fruteira-Cris-Branca-Artefarmol-8175-961004-2-cart.jpg,"[[55, 57, 49], [181, 180, 156], [218, 220, 200], [157, 138, 103], [83, 87, 85]]","['Cor Desconhecida', 'Cor Desconhecida', 'Cor Desconhecida', 'Cor Desconhecida', 'Cor Desconhecida']",Outro
Paneleiro Iluminata para Forno 2 PT 1 GV Branco e Ãbano,https://static.mobly.com.br/p/GENIALFLEX-Paneleiro-Iluminata-para-Forno-2-PT-1-GV-Branco-e-C389bano-8181-3449401-2-cart.jpg,"[[254, 254, 254], [49, 24, 13], [189, 180, 174], [128, 108, 96], [227, 222, 217]]","['Cor Desconhecida', 'Cor Desconhecida', 'Cor Desconhecida', 'Cor Desconhecida', 'Cor Desconhecida']",Paneleiro
BalcÃ£o de Cozinha Frow 2 PT FreijÃ³ e Off White,https://static.mobly.com.br/p/Kappesberg-BalcC3A3o-de-Cozinha-Frow-2-PT-FreijC3B3-e-Off-White-1695-549147-2-cart.jpg,"[[136, 110, 82], [251, 251, 249], [95, 74, 54], [44, 37, 32], [169, 163, 154]]","['Cor Desconhecida', 'Cor Desconhecida', 'Cor Desconhecida', 'Cor Desconhecida', 'Cor Desconhecida']",Outro
Cozinha Completa Madesa Reims 310001 com ArmÃ¡rio e BalcÃ£o - Branco,https://static.mobly.com.br/p/Madesa-Cozinha-Completa-Madesa-Reims-310001-com-ArmC3A1rio-e-BalcC3A3o---Branco-8695-653867-2-cart.jpg,"[[225, 220, 214], [141, 129, 112], [253, 253, 252], [186, 174, 152], [90, 80, 67]]","['Cor Desconhecida', 'Cor Desconhecida', 'Cor Desconhecida', 'Cor Desconhecida', 'Cor Desconhecida']",Cozinha completa
ArmÃ¡rio AÃ©reo Cook 2 PT Aveiro e Branco 70 cm,https://static.mobly.com.br/p/BE-MobiliC3A1rio-Inteligente-ArmC3A1rio-AC3A9reo-Cook-2-PT-Aveiro-e-Branco-70-cm-5152-818926-2-cart.jpg,"[[254, 254, 254], [156, 149, 140], [227, 227, 226], [192, 192, 192], [120, 121, 111]]","['Cor Desconhecida', 'Cor Desconhecida', 'Cor Desconhecida', 'silver', 'Cor Desconhecida']",Outro
ArmÃ¡rio AÃ©reo Maxxi 1 PT Branco 40 cm,https://static.mobly.com.br/p/Kappesberg-ArmC3A1rio-AC3A9reo-Maxxi-1-PT-Branco-40-cm-2215-017789-2-cart.jpg,"[[227, 221, 216], [154, 143, 132], [254, 253, 253], [193, 186, 179], [118, 107, 97]]","['Cor Desconhecida', 'Cor Desconhecida', 'Cor Desconhecida', 'Cor Desconhecida', 'Cor Desconhecida']",Outro
Cozinha Compacta Malu 9 PT 2 GV Manchester e Grafite,https://static.mobly.com.br/p/Fellicci-Moveis-Cozinha-Compacta-Malu-9-PT-2-GV-Manchester-e-Grafite-9562-5462501-2-cart.jpg,"[[68, 64, 62], [254, 254, 253], [128, 104, 89], [216, 209, 202], [165, 159, 152]]","['Cor Desconhecida', 'Cor Desconhecida', 'Cor Desconhecida', 'Cor Desconhecida', 'Cor Desconhecida']",Conjunto Cozinha
ArmÃ¡rio AÃ©reo Cook l 3 PT Aveiro e Madeira 120 cm,https://static.mobly.com.br/p/BE-MobiliC3A1rio-Inteligente-ArmC3A1rio-AC3A9reo-Cook-l-3-PT-Aveiro-e-Madeira-120-cm-5627-238926-2-cart.jpg,"[[191, 186, 180], [142, 119, 92], [218, 216, 215], [254, 254, 254], [155, 141, 123]]","['Cor Desconhecida', 'Cor Desconhecida', 'Cor Desconhecida', 'Cor Desconhecida', 'Cor Desconhecida']",Outro
Conjunto Sala de Jantar Madesa Havana Mesa Tampo de Madeira com 4 Cadeiras - Preto/Rustic,https://static.mobly.com.br/p/Madesa-Conjunto-Sala-de-Jantar-Madesa-Havana-Mesa-Tampo-de-Madeira-com-4-Cadeiras---Preto2FRustic-6735-762938-2-cart.jpg,"[[82, 73, 65], [253, 253, 252], [24, 19, 15], [193, 188, 182], [131, 120, 109]]","['Cor Desconhecida', 'Cor Desconhecida', 'Cor Desconhecida', 'Cor Desconhecida', 'Cor Desconhecida']",Outro
BalcÃ£o de Cozinha com Tampo Top Class Tannat,https://static.mobly.com.br/p/BATROL-BalcC3A3o-de-Cozinha-com-Tampo-Top-Class-Tannat-5073-8090211-2-cart.jpg,"[[168, 166, 165], [83, 63, 47], [253, 253, 253], [32, 21, 14], [130, 121, 110]]","['Cor Desconhecida', 'Cor Desconhecida', 'Cor Desconhecida', 'Cor Desconhecida', 'Cor Desconhecida']",Outro
Cozinha Compacta Atena 6 PT 1 GV Preto Onix ,https://static.mobly.com.br/p/Gralar-Cozinha-Compacta-Atena-6-PT-1-GV-Preto-OnixC2A0-9401-7896411-2-cart.jpg,"[[253, 253, 253], [16, 15, 14], [85, 85, 92], [165, 166, 166], [59, 59, 64]]","['Cor Desconhecida', 'Cor Desconhecida', 'Cor Desconhecida', 'Cor Desconhecida', 'Cor Desconhecida']",Conjunto Cozinha
Tampo para BalcÃ£o de Cozinha Evidence Ãnix 80 cm,https://static.mobly.com.br/p/Poliman-Tampo-para-BalcC3A3o-de-Cozinha-Evidence-C394nix-80-cm-8828-409429-2-cart.jpg,"[[254, 254, 254], [28, 28, 31], [157, 157, 158], [91, 91, 92], [221, 221, 221]]","['Cor Desconhecida', 'Cor Desconhecida', 'Cor Desconhecida', 'Cor Desconhecida', 'Cor Desconhecida']",Outro
Nicho para Micro-ondas Space Grafite,https://static.mobly.com.br/p/Poliman-Nicho-para-Micro-ondas-Space-Grafite-5421-4679401-2-cart.jpg,"[[197, 197, 194], [69, 61, 55], [159, 157, 154], [122, 99, 81], [13, 9, 9]]","['Cor Desconhecida', 'Cor Desconhecida', 'Cor Desconhecida', 'Cor Desconhecida', 'Cor Desconhecida']",Outro
Balcao Para Pia 3 Portas 2 Gavetas 120CM 17023 Oak Grafite PLN,https://static.mobly.com.br/p/Poliman-Balcao-Para-Pia-3-Portas-2-Gavetas-120CM-17023-Oak-Grafite-PLN-0066-5221611-2-cart.jpg,"[[77, 75, 72], [233, 232, 231], [155, 151, 146], [193, 191, 188], [118, 112, 105]]","['Cor Desconhecida', 'Cor Desconhecida', 'Cor Desconhecida', 'Cor Desconhecida', 'Cor Desconhecida']",Outro
BalcÃ£o de Cozinha Multipla com Tampo 3 PT 2 GV Branco,https://static.mobly.com.br/p/Bertolini-BalcC3A3o-de-Cozinha-Multipla-com-Tampo-3-PT-2-GV-Branco-8175-871155-2-cart.jpg,"[[253, 253, 253], [196, 196, 196], [161, 161, 161], [227, 227, 227], [106, 106, 106]]","['Cor Desconhecida', 'Cor Desconhecida', 'Cor Desconhecida', 'Cor Desconhecida', 'Cor Desconhecida']",Outro
Balcao Com Tampo 120CM 17023x17508 Oak Grafite PLN,https://static.mobly.com.br/p/Poliman-Balcao-Com-Tampo-120CM-17023x17508-Oak-Grafite-PLN-0101-1321611-2-cart.jpg,"[[119, 112, 103], [236, 235, 234], [77, 74, 71], [157, 153, 147], [196, 194, 191]]","['Cor Desconhecida', 'Cor Desconhecida', 'Cor Desconhecida', 'Cor Desconhecida', 'Cor Desconhecida']",Outro
ArmÃ¡rio AÃ©reo Confort 1 PT Cinamomo e FumÃª 80 cm,https://static.mobly.com.br/p/BATROL-ArmC3A1rio-AC3A9reo-Confort-1-PT-Cinamomo-e-FumC3AA-80-cm-1445-0560701-2-cart.jpg,"[[254, 254, 253], [75, 56, 35], [151, 130, 105], [206, 195, 181], [96, 75, 52]]","['Cor Desconhecida', 'Cor Desconhecida', 'Cor Desconhecida', 'Cor Desconhecida', 'Cor Desconhecida']",Outro
ArmÃ¡rio de Cozinha Completa Madesa Reims 260001 com BalcÃ£o e Tampo - Preto/Rustic,https://static.mobly.com.br/p/Madesa-ArmC3A1rio-de-Cozinha-Completa-Madesa-Reims-260001-com-BalcC3A3o-e-Tampo---Preto2FRustic-2408-611339-2-cart.jpg,"[[155, 132, 111], [252, 251, 250], [44, 34, 29], [209, 182, 147], [96, 80, 70]]","['Cor Desconhecida', 'Cor Desconhecida', 'Cor Desconhecida', 'Cor Desconhecida', 'Cor Desconhecida']",Cozinha completa
BalcÃ£o de Cozinha sem Tampo Souza 2 PT 3 GV Branco,https://static.mobly.com.br/p/EvidC3AAncia-BalcC3A3o-de-Cozinha-sem-Tampo-Souza-2-PT-3-GV-Branco-4918-306371-2-cart.jpg,"[[173, 173, 170], [207, 207, 206], [108, 103, 96], [22, 22, 21], [141, 137, 132]]","['Cor Desconhecida', 'Cor Desconhecida', 'Cor Desconhecida', 'Cor Desconhecida', 'Cor Desconhecida']",Outro
Bancada gourmet ilha cozinha DitÃ¡lia 2 Prat. Cinza CD-1019,https://static.mobly.com.br/p/DitC3A1lia-Bancada-gourmet-ilha-cozinha-DitC3A1lia-2-Prat.-Cinza-CD-1019-6264-1463801-2-cart.jpg,"[[249, 249, 247], [172, 162, 152], [88, 81, 74], [208, 201, 196], [130, 123, 117]]","['Cor Desconhecida', 'Cor Desconhecida', 'Cor Desconhecida', 'Cor Desconhecida', 'Cor Desconhecida']",Outro
Cozinha Compacta Com Balcao 240CM 10027x17036 Oak Grafite PLN,https://static.mobly.com.br/p/Poliman-Cozinha-Compacta-Com-Balcao-240CM-10027x17036-Oak-Grafite-PLN-2310-3521611-2-cart.jpg,"[[62, 60, 58], [211, 207, 201], [111, 107, 101], [164, 160, 152], [252, 252, 250]]","['Cor Desconhecida', 'Cor Desconhecida', 'Cor Desconhecida', 'Cor Desconhecida', 'Cor Desconhecida']",Conjunto Cozinha
Cozinha Compacta Com Balcao Para Pia 10027x17037 Oak Off White PLN,https://static.mobly.com.br/p/Poliman-Cozinha-Compacta-Com-Balcao-Para-Pia-10027x17037-Oak-Off-White-PLN-2436-9521611-2-cart.jpg,"[[55, 51, 46], [201, 197, 192], [116, 111, 102], [163, 158, 151], [244, 242, 239]]","['Cor Desconhecida', 'Cor Desconhecida', 'Cor Desconhecida', 'Cor Desconhecida', 'Cor Desconhecida']",Conjunto Cozinha
ArmÃ¡rio de Cozinha Completa 325cm Rustic Emilly Madesa 02,https://static.mobly.com.br/p/Madesa-ArmC3A1rio-de-Cozinha-Completa-325cm-Rustic-Emilly-Madesa-02-0693-7990701-2-cart.jpg,"[[253, 253, 251], [125, 98, 72], [190, 182, 171], [61, 51, 42], [140, 123, 105]]","['Cor Desconhecida', 'Cor Desconhecida', 'Cor Desconhecida', 'Cor Desconhecida', 'Cor Desconhecida']",Cozinha completa
ArmÃ¡rio de Cozinha Completa Madesa Emilly Dance com BalcÃ£o e AÃ©reo Vidro Reflex - Rustic/Preto,https://static.mobly.com.br/p/Madesa-ArmC3A1rio-de-Cozinha-Completa-Madesa-Emilly-Dance-com-BalcC3A3o-e-AC3A9reo-Vidro-Reflex---Rustic2FPreto-9839-311339-2-cart.jpg,"[[252, 252, 250], [102, 81, 65], [204, 180, 152], [42, 40, 38], [163, 131, 101]]","['Cor Desconhecida', 'Cor Desconhecida', 'Cor Desconhecida', 'Cor Desconhecida', 'Cor Desconhecida']",Cozinha completa
BalcÃ£o de Cozinha Evidence 3 PT 2 GV Branco,https://static.mobly.com.br/p/Poliman-BalcC3A3o-de-Cozinha-Evidence-3-PT-2-GV-Branco-0744-898429-2-cart.jpg,"[[227, 227, 226], [168, 169, 167], [254, 254, 254], [128, 128, 128], [195, 196, 193]]","['Cor Desconhecida', 'Cor Desconhecida', 'Cor Desconhecida', 'gray', 'Cor Desconhecida']",Outro
Cozinha Completa Atena 10 PT 1 GV Preto Onix,https://static.mobly.com.br/p/Gralar-Cozinha-Completa-Atena-10-PT-1-GV-Preto-Onix-9438-3896411-2-cart.jpg,"[[69, 69, 74], [253, 253, 253], [19, 19, 20], [115, 115, 118], [199, 199, 199]]","['Cor Desconhecida', 'Cor Desconhecida', 'Cor Desconhecida', 'Cor Desconhecida', 'Cor Desconhecida']",Cozinha completa
